Club,Championnat,Joueur,Date de naissance,Poste,Equipe nationale,Pied fort,Valeur marchande,Statut contrat,Date fin de contrat,Date début de contrat,Club précédent
Paris Saint-Germain,Ligue 1,Ousmane Dembélé,1997-05-15,Ailier droit,France,ambidextre,90000000,sous contrat,2028-06-30,2023-08-12,FC Barcelone
Paris Saint-Germain,Ligue 1,Khvicha Kvaratskhelia,2001-02-12,Ailier gauche,Géorgie,ambidextre,90000000,sous contrat,2029-06-30,2025-01-17,SSC Napoli
Paris Saint-Germain,Ligue 1,Désiré Doué,2005-06-03,Ailier droit,France,droit,90000000,sous contrat,2029-06-30,2024-08-17,Stade Rennais FC
Paris Saint-Germain,Ligue 1,Achraf Hakimi,1998-11-04,Arrière droit,Maroc,droit,80000000,sous contrat,2029-06-30,2021-07-06,Inter Milan
Paris Saint-Germain,Ligue 1,Vitinha,2000-02-13,Milieu central,Portugal,droit,80000000,sous contrat,2029-06-30,2022-07-01,FC Porto
Paris Saint-Germain,Ligue 1,João Neves,2004-09-27,Milieu défensif,Portugal,droit,80000000,sous contrat,2029-06-30,2024-08-05,SL Benfica
Paris Saint-Germain,Ligue 1,Nuno Mendes,2002-06-19,Arrière gauche,Portugal,gauche,70000000,sous contrat,2029-06-30,2022-07-01,Sporting CP
Paris Saint-Germain,Ligue 1,Bradley Barcola,2002-09-02,Ailier gauche,France,droit,70000000,sous contrat,2028-06-30,2023-08-31,Olympique Lyonnais
Paris Saint-Germain,Ligue 1,Willian Pacho,2001-10-16,Défenseur central,Équateur,gauche,65000000,sous contrat,2029-06-30,2024-08-09,Eintracht Francfort
Paris Saint-Germain,Ligue 1,Warren Zaïre-Emery,2006-03-08,Milieu central,France,droit,55000000,sous contrat,2029-06-30,2022-07-01,Paris SG U19
Paris Saint-Germain,Ligue 1,Gianluigi Donnarumma,1999-02-25,Gardien de but,Italie,droit,40000000,sous contrat,2026-06-30,2021-07-14,AC Milan
Paris Saint-Germain,Ligue 1,Fabián Ruiz,1996-04-03,Milieu central,Espagne,gauche,40000000,sous contrat,2027-06-30,2022-08-30,SSC Napoli
Paris Saint-Germain,Ligue 1,Gonçalo Ramos,2001-06-20,Avant-centre,Portugal,droit,40000000,sous contrat,2028-06-30,2024-01-01,SL Benfica
Paris Saint-Germain,Ligue 1,Marquinhos,1994-05-14,Défenseur central,Brésil,droit,35000000,sous contrat,2028-06-30,2013-07-19,AS Roma
Paris Saint-Germain,Ligue 1,Lucas Hernández,1996-02-14,Arrière gauche,France,gauche,25000000,sous contrat,2028-06-30,2023-07-09,Bayern Munich
Paris Saint-Germain,Ligue 1,Kang-in Lee,2001-02-19,Ailier droit,Corée du Sud,gauche,25000000,sous contrat,2028-06-30,2023-07-08,RCD Mallorca
Paris Saint-Germain,Ligue 1,Lucas Beraldo,2003-11-24,Défenseur central,Brésil,gauche,25000000,sous contrat,2028-06-30,2024-01-01,FC São Paulo
Paris Saint-Germain,Ligue 1,Marco Asensio,1996-01-21,Milieu offensif,Espagne,gauche,20000000,sous contrat,2026-06-30,2023-07-06,Real Madrid
Paris Saint-Germain,Ligue 1,Matvey Safonov,1999-02-25,Gardien de but,Russie,droit,20000000,sous contrat,2029-06-30,2024-07-01,FK Krasnodar
Paris Saint-Germain,Ligue 1,Carlos Soler,1997-01-02,Milieu central,Espagne,droit,18000000,sous contrat,2027-06-30,2022-09-01,FC Valence
Paris Saint-Germain,Ligue 1,Milan Škriniar,1995-02-11,Défenseur central,Slovaquie,droit,15000000,sous contrat,2028-06-30,2023-07-06,Inter Milan
Paris Saint-Germain,Ligue 1,Senny Mayulu,2006-05-17,Milieu central,France,ambidextre,15000000,sous contrat,2027-06-30,2024-01-01,Paris SG U19
Paris Saint-Germain,Ligue 1,Nordi Mukiele,1997-11-01,Arrière droit,France,droit,10000000,sous contrat,2027-06-30,2022-07-26,RB Leipzig
Paris Saint-Germain,Ligue 1,Gabriel Moscardo,2005-09-28,Milieu défensif,Brésil,droit,8000000,sous contrat,2028-06-30,2024-01-25,Corinthians
Paris Saint-Germain,Ligue 1,Presnel Kimpembe,1995-08-13,Défenseur central,France,gauche,5000000,sous contrat,2026-06-30,2015-07-01,Paris SG B
Paris Saint-Germain,Ligue 1,Renato Sanches,1997-08-18,Milieu central,Portugal,droit,3000000,sous contrat,2027-06-30,2022-08-04,LOSC Lille
Paris Saint-Germain,Ligue 1,Arnau Tenas,2001-05-30,Gardien de but,Espagne,droit,3000000,sous contrat,2026-06-30,2023-07-30,FC Barcelone Atlètic
Paris Saint-Germain,Ligue 1,Ibrahim Mbaye,2008-01-24,Ailier droit,France,droit,3000000,sous contrat,2027-06-30,2025-07-01,Paris SG Espoirs
Paris Saint-Germain,Ligue 1,Ilyes Housni,2005-05-14,Avant-centre,Maroc,droit,1500000,sous contrat,2026-06-30,2023-07-01,Paris SG U19
Paris Saint-Germain,Ligue 1,Lucas Lavallée,2003-02-18,Gardien de but,France,droit,200000,sous contrat,2026-06-30,2022-07-01,Paris SG U19
FC Barcelone,LaLiga,Lamine Yamal,2007-07-13,Ailier droit,Espagne,gauche,200000000,sous contrat,2031-06-30,2023-07-01,FC Barcelone U19
FC Barcelone,LaLiga,Pedri,2002-11-25,Milieu central,Espagne,droit,140000000,sous contrat,2030-06-30,2019-09-02,UD Las Palmas
FC Barcelone,LaLiga,Raphinha,1996-12-14,Ailier gauche,Brésil,gauche,90000000,sous contrat,2028-06-30,2022-07-13,Leeds United
FC Barcelone,LaLiga,Pau Cubarsí,2007-01-22,Défenseur central,Espagne,droit,80000000,sous contrat,2029-06-30,2024-01-01,FC Barcelone Atlètic
FC Barcelone,LaLiga,Jules Koundé,1998-11-12,Arrière droit,France,droit,65000000,sous contrat,2027-06-30,2022-07-28,Séville FC
FC Barcelone,LaLiga,Dani Olmo,1998-05-07,Milieu offensif,Espagne,droit,60000000,sous contrat,2030-06-30,2024-08-09,RB Leipzig
FC Barcelone,LaLiga,Alejandro Balde,2003-10-18,Arrière gauche,Espagne,gauche,60000000,sous contrat,2028-06-30,2022-07-01,FC Barcelone Atlètic
FC Barcelone,LaLiga,Gavi,2004-08-05,Milieu central,Espagne,droit,60000000,sous contrat,2030-06-30,2021-07-01,FC Barcelone U19
FC Barcelone,LaLiga,Fermín López,2003-05-11,Milieu offensif,Espagne,droit,50000000,sous contrat,2029-06-30,2023-07-01,FC Barcelone Atlètic
FC Barcelone,LaLiga,Frenkie de Jong,1997-05-12,Milieu central,Pays-Bas,droit,45000000,sous contrat,2026-06-30,2019-07-01,Ajax Amsterdam
FC Barcelone,LaLiga,Ferran Torres,2000-02-29,Avant-centre,Espagne,droit,40000000,sous contrat,2027-06-30,2022-01-01,Manchester City
FC Barcelone,LaLiga,Ronald Araujo,1999-03-07,Défenseur central,Uruguay,droit,35000000,sous contrat,2031-06-30,2020-10-05,FC Barcelona B
FC Barcelone,LaLiga,Marc Casadó,2003-09-14,Milieu défensif,Espagne,droit,30000000,sous contrat,2028-06-30,2024-07-01,FC Barcelone Atlètic
FC Barcelone,LaLiga,Joan García,2001-05-04,Gardien de but,Espagne,droit,25000000,sous contrat,2031-06-30,2025-07-01,Espanyol Barcelona
FC Barcelone,LaLiga,Eric García,2001-01-09,Défenseur central,Espagne,droit,18000000,sous contrat,2026-06-30,2021-07-01,Manchester City
FC Barcelone,LaLiga,Robert Lewandowski,1988-08-21,Avant-centre,Pologne,droit,12000000,sous contrat,2026-06-30,2022-07-19,Bayern Munich
FC Barcelone,LaLiga,Marc-André ter Stegen,1992-04-30,Gardien de but,Allemagne,droit,12000000,sous contrat,2028-06-30,2014-07-01,Borussia Mönchengladbach
FC Barcelone,LaLiga,Andreas Christensen,1996-04-10,Défenseur central,Danemark,droit,12000000,sous contrat,2026-06-30,2022-07-04,Chelsea FC
FC Barcelone,LaLiga,Gerard Martín,2002-02-26,Arrière gauche,Espagne,gauche,12000000,sous contrat,2028-06-30,2024-07-01,FC Barcelone Atlètic
FC Barcelone,LaLiga,Héctor Fort,2006-08-02,Arrière droit,Espagne,droit,10000000,sous contrat,2026-06-30,2024-07-01,FC Barcelone Atlètic
FC Barcelone,LaLiga,Iñaki Peña,1999-03-02,Gardien de but,Espagne,droit,8000000,sous contrat,2026-06-30,2022-01-30,FC Barcelona B
FC Barcelone,LaLiga,Pablo Torre,2003-04-03,Milieu offensif,Espagne,droit,6000000,sous contrat,2026-06-30,2022-07-01,Racing Santander
FC Barcelone,LaLiga,Iñigo Martínez,1991-05-17,Défenseur central,Espagne,gauche,5000000,sous contrat,2026-06-30,2023-07-05,Athletic Bilbao
FC Barcelone,LaLiga,Marc Bernal,2007-05-26,Milieu défensif,Espagne,gauche,5000000,sous contrat,2026-06-30,2024-07-01,FC Barcelone Atlètic
FC Barcelone,LaLiga,Pau Víctor,2001-11-26,Avant-centre,Espagne,droit,4000000,sous contrat,2029-06-30,2024-07-24,Girona FC
FC Barcelone,LaLiga,Oriol Romeu,1991-09-24,Milieu défensif,Espagne,droit,1200000,sous contrat,2026-06-30,2023-07-19,Girona FC
Libre,,Wojciech Szczesny,1990-04-18,Gardien de but,Pologne,droit,1000000,Libre,2025-06-30,2024-10-02,FC Barcelone
Manchester City,Premier League,Erling Haaland,2000-07-21,Avant-centre,Norvège,gauche,180000000,sous contrat,2034-06-30,2022-07-01,Borussia Dortmund
Manchester City,Premier League,Rodri,1996-06-22,Milieu défensif,Espagne,droit,110000000,sous contrat,2027-06-30,2019-07-04,Atlético de Madrid
Manchester City,Premier League,Phil Foden,2000-05-28,Ailier droit,Angleterre,gauche,100000000,sous contrat,2027-06-30,2017-07-01,Manchester City U18
Manchester City,Premier League,Omar Marmoush,1999-02-07,Avant-centre,Égypte,droit,75000000,sous contrat,2029-06-30,2025-01-23,Eintracht Francfort
Manchester City,Premier League,Josko Gvardiol,2002-01-23,Arrière gauche,Croatie,gauche,75000000,sous contrat,2028-06-30,2023-08-05,RB Leipzig
Manchester City,Premier League,Rúben Dias,1997-05-14,Défenseur central,Portugal,droit,65000000,sous contrat,2027-06-30,2020-09-29,SL Benfica
Manchester City,Premier League,Tijjani Reijnders,1998-07-29,Milieu central,Pays-Bas,droit,60000000,sous contrat,2030-06-30,2025-06-10,AC Milan
Manchester City,Premier League,Jérémy Doku,2002-05-27,Ailier gauche,Belgique,droit,50000000,sous contrat,2028-06-30,2023-08-24,Stade Rennais FC
Manchester City,Premier League,Savinho,2004-04-10,Ailier droit,Brésil,gauche,50000000,sous contrat,2029-06-30,2024-07-18,ESTAC Troyes
Manchester City,Premier League,Rayan Cherki,2003-08-17,Ailier droit,France,ambidextre,45000000,sous contrat,2030-06-30,2025-06-10,Olympique Lyonnais
Manchester City,Premier League,Nico González,2002-01-03,Milieu central,Espagne,droit,40000000,sous contrat,2029-06-30,2025-02-03,FC Porto
Manchester City,Premier League,Rico Lewis,2004-11-21,Arrière droit,Angleterre,droit,40000000,sous contrat,2028-06-30,2022-07-01,Manchester City U18
Manchester City,Premier League,Bernardo Silva,1994-08-10,Milieu offensif,Portugal,gauche,38000000,sous contrat,2026-06-30,2017-07-01,AS Monaco
Manchester City,Premier League,Rayan Aït-Nouri,2001-06-06,Arrière gauche,Algérie,gauche,35000000,sous contrat,2030-06-30,2025-06-09,Wolverhampton Wanderers
Manchester City,Premier League,Matheus Nunes,1998-08-27,Milieu central,Portugal,droit,35000000,sous contrat,2028-06-30,2023-09-01,Wolverhampton Wanderers
Manchester City,Premier League,Abdukodir Khusanov,2004-02-29,Défenseur central,Ouzbékistan,droit,35000000,sous contrat,2029-06-30,2025-01-20,RC Lens
Manchester City,Premier League,Vitor Reis,2006-01-12,Défenseur central,Brésil,droit,30000000,sous contrat,2029-06-30,2025-01-21,Sociedade Esportiva Palmeiras
Manchester City,Premier League,Jack Grealish,1995-09-10,Ailier gauche,Angleterre,droit,28000000,sous contrat,2027-06-30,2021-08-05,Aston Villa
Manchester City,Premier League,Manuel Akanji,1995-07-19,Défenseur central,Suisse,droit,28000000,sous contrat,2027-06-30,2022-09-01,Borussia Dortmund
Manchester City,Premier League,Nathan Aké,1995-02-18,Défenseur central,Pays-Bas,gauche,25000000,sous contrat,2027-06-30,2020-08-05,AFC Bournemouth
Manchester City,Premier League,John Stones,1994-05-28,Défenseur central,Angleterre,droit,25000000,sous contrat,2026-06-30,2016-08-09,FC Everton
Manchester City,Premier League,Oscar Bobb,2003-07-12,Ailier droit,Norvège,gauche,25000000,sous contrat,2029-06-30,2023-07-01,Manchester City U21
Manchester City,Premier League,Mateo Kovacic,1994-05-06,Milieu central,Croatie,droit,20000000,sous contrat,2027-06-30,2023-07-01,Chelsea FC
Manchester City,Premier League,Ederson,1993-08-17,Gardien de but,Brésil,gauche,20000000,sous contrat,2026-06-30,2017-07-01,SL Benfica
Manchester City,Premier League,James McAtee,2002-10-18,Milieu offensif,Angleterre,gauche,20000000,sous contrat,2026-06-30,2023-07-01,Manchester City U21
Manchester City,Premier League,Nico O'Reilly,2005-03-21,Milieu offensif,Angleterre,gauche,18000000,sous contrat,2028-06-30,2024-07-01,Manchester City U21
Manchester City,Premier League,Claudio Echeverri,2006-01-02,Milieu offensif,Argentine,droit,18000000,sous contrat,2028-06-30,2024-01-25,CA River Plate
Manchester City,Premier League,Kalvin Phillips,1995-12-02,Milieu défensif,Angleterre,droit,12000000,sous contrat,2028-06-30,2022-07-04,Leeds United
Manchester City,Premier League,Stefan Ortega,1992-11-06,Gardien de but,Allemagne,droit,8000000,sous contrat,2026-06-30,2022-07-01,Arminia Bielefeld
Manchester City,Premier League,İlkay Gündoğan,1990-10-24,Milieu central,Allemagne,droit,5000000,sous contrat,2026-06-30,2024-08-23,FC Barcelone
Manchester City,Premier League,Kyle Walker,1990-05-28,Arrière droit,Angleterre,droit,4000000,sous contrat,2026-06-30,2017-07-14,Tottenham Hotspur
Manchester City,Premier League,Josh Wilson-Esbrand,2002-12-26,Arrière gauche,Angleterre,gauche,4000000,sous contrat,2027-06-30,2023-01-01,Manchester City U21
Manchester City,Premier League,Issa Kaboré,2001-05-12,Arrière droit,Burkina Faso,droit,4000000,sous contrat,2027-06-30,2020-07-29,KV Mechelen
Manchester City,Premier League,Marcus Bettinelli,1992-05-24,Gardien de but,Angleterre,droit,600000,sous contrat,2026-06-30,2025-06-10,Chelsea FC
Inter Milan,Serie A,Lautaro Martínez,1997-08-22,Avant-centre,Argentine,droit,95000000,sous contrat,2029-06-30,2018-07-04,Racing Club
Inter Milan,Serie A,Alessandro Bastoni,1999-04-13,Défenseur central,Italie,gauche,80000000,sous contrat,2028-06-30,2017-08-31,Atalanta BC
Inter Milan,Serie A,Nicolò Barella,1997-02-07,Milieu central,Italie,droit,75000000,sous contrat,2029-06-30,2020-09-01,Cagliari Calcio
Inter Milan,Serie A,Marcus Thuram,1997-08-06,Avant-centre,France,droit,75000000,sous contrat,2028-06-30,2023-07-01,Borussia Mönchengladbach
Inter Milan,Serie A,Federico Dimarco,1997-11-10,Arrière gauche,Italie,gauche,50000000,sous contrat,2027-06-30,2018-07-05,FC Sion
Inter Milan,Serie A,Denzel Dumfries,1996-04-18,Arrière droit,Pays-Bas,droit,35000000,sous contrat,2028-06-30,2021-08-14,PSV Eindhoven
Inter Milan,Serie A,Davide Frattesi,1999-09-22,Milieu central,Italie,droit,35000000,sous contrat,2028-06-30,2024-07-01,US Sassuolo
Inter Milan,Serie A,Yann Bisseck,2000-11-29,Défenseur central,Allemagne,droit,35000000,sous contrat,2029-06-30,2023-07-12,Aarhus GF
Inter Milan,Serie A,Hakan Çalhanoğlu,1994-02-08,Milieu défensif,Turquie,droit,30000000,sous contrat,2027-06-30,2021-07-01,AC Milan
Inter Milan,Serie A,Carlos Augusto,1999-01-07,Arrière gauche,Brésil,gauche,26000000,sous contrat,2028-06-30,2024-07-01,AC Monza
Inter Milan,Serie A,Benjamin Pavard,1996-03-28,Défenseur central,France,droit,25000000,sous contrat,2028-06-30,2023-08-30,Bayern Munich
Inter Milan,Serie A,Luis Henrique,2001-12-14,Milieu droit,Brésil,droit,25000000,sous contrat,2030-06-30,2025-06-07,Olympique de Marseille
Inter Milan,Serie A,Pio Esposito,2005-06-28,Avant-centre,Italie,droit,25000000,sous contrat,2030-06-30,2023-07-01,Inter Primavera
Inter Milan,Serie A,Petar Sučić,2003-10-25,Milieu défensif,Croatie,droit,14000000,sous contrat,2030-06-30,2025-06-01,GNK Dinamo Zagreb
Inter Milan,Serie A,Kristjan Asllani,2002-03-09,Milieu défensif,Albanie,droit,13000000,sous contrat,2028-06-30,2023-07-01,FC Empoli
Inter Milan,Serie A,Josep Martínez,1998-05-27,Gardien de but,Espagne,droit,12000000,sous contrat,2029-06-30,2024-07-09,Genoa CFC
Inter Milan,Serie A,Nicola Zalewski,2002-01-23,Milieu gauche,Pologne,droit,12000000,sous contrat,2029-06-30,2025-07-01,AS Roma
Inter Milan,Serie A,Valentín Carboni,2005-03-05,Milieu offensif,Argentine,gauche,12000000,sous contrat,2029-06-30,2022-07-01,Inter Primavera
Inter Milan,Serie A,Aleksandar Stanković,2005-08-03,Milieu défensif,Serbie,droit,11000000,sous contrat,2028-06-30,2024-07-01,Inter Primavera
Inter Milan,Serie A,Piotr Zieliński,1994-05-20,Milieu central,Pologne,ambidextre,10000000,sous contrat,2028-06-30,2024-07-01,SSC Napoli
Inter Milan,Serie A,Sebastiano Esposito,2002-07-02,Deuxième attaquant,Italie,droit,8500000,sous contrat,2026-06-30,2019-07-01,Inter Primavera
Inter Milan,Serie A,Tajon Buchanan,1999-02-08,Milieu droit,Canada,droit,6000000,sous contrat,2028-06-30,2024-01-05,Club Brugge KV
Inter Milan,Serie A,Stefan de Vrij,1992-02-05,Défenseur central,Pays-Bas,droit,5000000,sous contrat,2026-06-30,2018-07-01,Lazio Rome
Inter Milan,Serie A,Yann Sommer,1988-12-17,Gardien de but,Suisse,droit,4000000,sous contrat,2026-06-30,2023-08-07,Bayern Munich
Inter Milan,Serie A,Henrikh Mkhitaryan,1989-01-21,Milieu central,Arménie,ambidextre,4000000,sous contrat,2026-06-30,2022-07-01,AS Roma
Inter Milan,Serie A,Tomás Palacios,2003-04-28,Défenseur central,Argentine,gauche,4000000,sous contrat,2029-06-30,2024-08-30,CS Independiente Rivadavia
Inter Milan,Serie A,Mehdi Taremi,1992-07-18,Avant-centre,Iran,droit,3500000,sous contrat,2027-06-30,2024-07-13,FC Porto
Inter Milan,Serie A,Francesco Acerbi,1988-02-10,Défenseur central,Italie,gauche,3000000,sous contrat,2026-06-30,2023-07-01,Lazio Rome
Inter Milan,Serie A,Matteo Darmian,1989-12-02,Arrière droit,Italie,droit,2500000,sous contrat,2026-06-30,2021-07-01,Parma Calcio 1913
Inter Milan,Serie A,Ebenezer Akinsanmiro,2004-11-25,Milieu central,Nigeria,droit,2000000,sous contrat,2026-06-30,2024-07-01,Inter Primavera
Inter Milan,Serie A,Zinho Vanheusden,1999-07-29,Défenseur central,Belgique,droit,1000000,sous contrat,2026-06-30,2021-07-13,Standard de Liège
Inter Milan,Serie A,Franco Carboni,2003-04-04,Arrière gauche,Argentine,gauche,1000000,sous contrat,2027-06-30,2022-07-01,Inter Primavera
Inter Milan,Serie A,Raffaele Di Gennaro,1993-10-03,Gardien de but,Italie,droit,300000,sous contrat,2026-06-30,2023-07-13,AS Gubbio 1910
Bayern Munich,Bundesliga,Jamal Musiala,2003-02-26,Milieu offensif,Allemagne,droit,140000000,sous contrat,2030-06-30,2020-07-01,FC Bayern München U19
Bayern Munich,Bundesliga,Michael Olise,2001-12-12,Ailier droit,France,gauche,100000000,sous contrat,2029-06-30,2024-07-07,Crystal Palace
Bayern Munich,Bundesliga,Harry Kane,1993-07-28,Avant-centre,Angleterre,droit,75000000,sous contrat,2027-06-30,2023-08-12,Tottenham Hotspur
Bayern Munich,Bundesliga,Aleksandar Pavlovic,2004-05-03,Milieu défensif,Allemagne,ambidextre,55000000,sous contrat,2029-06-30,2023-11-01,FC Bayern München II
Bayern Munich,Bundesliga,Dayot Upamecano,1998-10-27,Défenseur central,France,droit,50000000,sous contrat,2026-06-30,2021-07-05,RB Leipzig
Bayern Munich,Bundesliga,Alphonso Davies,2000-11-02,Arrière gauche,Canada,gauche,50000000,sous contrat,2030-06-30,2019-01-01,Vancouver Whitecaps FC
Bayern Munich,Bundesliga,Joshua Kimmich,1995-02-08,Milieu défensif,Allemagne,droit,45000000,sous contrat,2029-06-30,2015-07-02,VfB Stuttgart
Bayern Munich,Bundesliga,Min-jae Kim,1996-11-15,Défenseur central,Corée du Sud,droit,40000000,sous contrat,2028-06-30,2023-07-18,SSC Napoli
Bayern Munich,Bundesliga,Josip Stanisic,2000-04-02,Arrière droit,Croatie,ambidextre,32000000,sous contrat,2029-06-30,2021-08-01,FC Bayern München II
Bayern Munich,Bundesliga,Jonathan Tah,1996-02-11,Défenseur central,Allemagne,droit,30000000,sous contrat,2029-06-30,2025-06-09,Bayer 04 Leverkusen
Bayern Munich,Bundesliga,Kingsley Coman,1996-06-13,Ailier gauche,France,droit,30000000,sous contrat,2027-06-30,2017-07-01,Juventus Turin
Bayern Munich,Bundesliga,João Palhinha,1995-07-09,Milieu défensif,Portugal,droit,30000000,sous contrat,2028-06-30,2024-07-11,FC Fulham
Bayern Munich,Bundesliga,Tom Bischof,2005-06-28,Milieu central,Allemagne,gauche,30000000,sous contrat,2029-06-30,2025-06-09,TSG 1899 Hoffenheim
Bayern Munich,Bundesliga,Konrad Laimer,1997-05-27,Arrière droit,Autriche,droit,25000000,sous contrat,2027-06-30,2023-07-01,RB Leipzig
Bayern Munich,Bundesliga,Hiroki Ito,1999-05-12,Défenseur central,Japon,gauche,25000000,sous contrat,2028-06-30,2024-07-01,VfB Stuttgart
Bayern Munich,Bundesliga,Leon Goretzka,1995-02-06,Milieu central,Allemagne,droit,22000000,sous contrat,2026-06-30,2018-07-01,FC Schalke 04
Bayern Munich,Bundesliga,Serge Gnabry,1995-07-14,Ailier gauche,Allemagne,droit,22000000,sous contrat,2026-06-30,2017-07-01,SV Werder Bremen
Bayern Munich,Bundesliga,Sacha Boey,2000-09-13,Arrière droit,France,droit,18000000,sous contrat,2028-06-30,2024-01-28,Galatasaray
Bayern Munich,Bundesliga,Paul Wanner,2005-12-23,Milieu offensif,Allemagne,gauche,18000000,sous contrat,2027-06-30,2022-01-31,FC Bayern München U19
Bayern Munich,Bundesliga,Jonas Urbig,2003-08-08,Gardien de but,Allemagne,ambidextre,12000000,sous contrat,2029-06-30,2025-01-27,1.FC Köln
Bayern Munich,Bundesliga,Bryan Zaragoza,2001-09-09,Ailier gauche,Espagne,droit,12000000,sous contrat,2029-06-30,2024-07-01,FC Granada
Bayern Munich,Bundesliga,Raphaël Guerreiro,1993-12-22,Arrière gauche,Portugal,gauche,8000000,sous contrat,2026-06-30,2023-07-01,Borussia Dortmund
Bayern Munich,Bundesliga,Thomas Müller,1989-09-13,Deuxième attaquant,Allemagne,droit,6000000,sous contrat,2025-07-31,2009-07-01,FC Bayern München II
Bayern Munich,Bundesliga,Manuel Neuer,1986-03-27,Gardien de but,Allemagne,droit,4000000,sous contrat,2026-06-30,2011-07-01,FC Schalke 04
Bayern Munich,Bundesliga,Adam Aznou,2006-06-02,Arrière gauche,Maroc,gauche,4000000,sous contrat,2027-06-30,2024-07-01,FC Bayern München II
Bayern Munich,Bundesliga,Daniel Peretz,2000-07-10,Gardien de but,Israël,droit,3000000,sous contrat,2028-06-30,2023-08-25,Maccabi Tel Aviv
Bayern Munich,Bundesliga,Jonah Kusi-Asare,2007-07-04,Avant-centre,Suède,droit,2500000,sous contrat,2026-06-30,,
Bayern Munich,Bundesliga,Lovro Zvonarek,2005-05-08,Milieu offensif,Croatie,droit,1500000,sous contrat,2027-06-30,2024-07-01,FC Bayern München II
Bayern Munich,Bundesliga,Lennart Karl,2008-02-22,Milieu offensif,Allemagne,gauche,1500000,sous contrat,2026-06-30,,
Bayern Munich,Bundesliga,Tarek Buchmann,2005-02-28,Défenseur central,Allemagne,droit,500000,sous contrat,2026-06-30,2023-07-01,FC Bayern München U19
Bayern Munich,Bundesliga,Leon Klanac,2007-03-01,Gardien de but,Allemagne,droit,,sous contrat,2027-06-30,,
Bayern Munich,Bundesliga,David Santos Daiber,2007-01-10,Milieu défensif,Portugal,,,sous contrat,2027-06-30,,
Bayer 04 Leverkusen,Bundesliga,Piero Hincapié,2002-01-09,Défenseur central,Équateur,gauche,50000000,sous contrat,2021-08-16,2029-06-30,CA Talleres
Bayer 04 Leverkusen,Bundesliga,Exequiel Palacios,1998-10-05,Milieu central,Argentine,droit,40000000,sous contrat,2020-01-01,2028-06-30,CA River Plate
Bayer 04 Leverkusen,Bundesliga,Victor Boniface,2000-12-23,Avant-centre,Nigeria,droit,40000000,sous contrat,2023-07-22,2028-06-30,Union Saint-Gilloise
Bayer 04 Leverkusen,Bundesliga,Edmond Tapsoba,1999-02-02,Défenseur central,Burkina Faso,droit,35000000,sous contrat,2020-01-31,2028-06-30,Vitória Guimarães SC
Bayer 04 Leverkusen,Bundesliga,Alejandro Grimaldo,1995-09-20,Arrière gauche,Espagne,gauche,30000000,sous contrat,2023-07-01,2027-06-30,SL Benfica
Bayer 04 Leverkusen,Bundesliga,Patrik Schick,1996-01-24,Avant-centre,Tchéquie,gauche,27000000,sous contrat,2020-09-08,2027-06-30,AS Roma
Bayer 04 Leverkusen,Bundesliga,Aleix García,1997-06-28,Milieu central,Espagne,droit,20000000,sous contrat,2024-07-01,2029-06-30,Girona FC
Bayer 04 Leverkusen,Bundesliga,Jarell Quansah,2003-01-29,Défenseur central,Angleterre,droit,20000000,sous contrat,2025-07-02,2030-06-30,FC Liverpool
Bayer 04 Leverkusen,Bundesliga,Amine Adli,2000-05-10,Ailier gauche,Maroc,gauche,18000000,sous contrat,2021-08-26,2028-06-30,Toulouse FC
Bayer 04 Leverkusen,Bundesliga,Martin Terrier,1997-03-04,Ailier gauche,France,droit,17000000,sous contrat,2024-07-18,2029-06-30,Stade Rennais FC
Bayer 04 Leverkusen,Bundesliga,Nathan Tella,1999-07-05,Milieu droit,Nigeria,droit,15000000,sous contrat,2023-08-27,2028-06-30,FC Southampton
Bayer 04 Leverkusen,Bundesliga,Jeanuël Belocian,2005-02-17,Défenseur central,France,gauche,15000000,sous contrat,2024-07-01,2029-06-30,Stade Rennais FC
Bayer 04 Leverkusen,Bundesliga,Granit Xhaka,1992-09-27,Milieu défensif,Suisse,gauche,12000000,sous contrat,2023-07-06,2028-06-30,Arsenal FC
Bayer 04 Leverkusen,Bundesliga,Ibrahim Maza,2005-11-24,Milieu offensif,Algérie,droit,12000000,sous contrat,2025-07-01,2030-06-30,Hertha BSC
Bayer 04 Leverkusen,Bundesliga,Mark Flekken,1993-06-13,Gardien de but,Pays-Bas,ambidextre,10000000,sous contrat,2025-07-01,2028-06-30,FC Brentford
Bayer 04 Leverkusen,Bundesliga,Robert Andrich,1994-09-22,Milieu défensif,Allemagne,droit,9000000,sous contrat,2021-08-16,2028-06-30,1.FC Union Berlin
Bayer 04 Leverkusen,Bundesliga,Arthur,2003-03-17,Arrière droit,Brésil,droit,7000000,sous contrat,2023-07-01,2028-06-30,América Futebol Clube
Bayer 04 Leverkusen,Bundesliga,Matej Kovar,2000-05-17,Gardien de but,Tchéquie,droit,5000000,sous contrat,2023-08-15,2027-06-30,Manchester United
Bayer 04 Leverkusen,Bundesliga,Jonas Hofmann,1992-07-14,Milieu offensif,Allemagne,droit,2000000,sous contrat,2023-07-05,2027-06-30,Borussia Mönchengladbach
Bayer 04 Leverkusen,Bundesliga,Lukas Hradecky,1989-11-24,Gardien de but,Finlande,droit,2000000,sous contrat,2018-07-01,2026-06-30,Eintracht Francfort
Bayer 04 Leverkusen,Bundesliga,Axel Tape,2007-08-10,Défenseur central,France,droit,2000000,sous contrat,2025-07-01,,Paris Saint-Germain Espoirs
Bayer 04 Leverkusen,Bundesliga,Abdoulaye Faye,2004-09-22,Défenseur central,Sénégal,gauche,2000000,sous contrat,2025-07-01,2030-06-30,BK Häcken
Bayer 04 Leverkusen,Bundesliga,Alejo Sarco,2006-01-06,Avant-centre,Argentine,gauche,800000,sous contrat,2025-01-02,2029-06-30,CA Vélez Sarsfield
Bayer 04 Leverkusen,Bundesliga,Niklas Lomb,1993-07-28,Gardien de but,Allemagne,droit,250000,sous contrat,2012-07-01,2027-06-30,Bayer 04 Leverkusen U19
Arsenal FC,Premier League,Bukayo Saka,2001-09-05,Ailier droit,Angleterre,gauche,150000000,sous contrat,2019-07-01,2027-06-30,Arsenal FC U23
Arsenal FC,Premier League,Declan Rice,1999-01-14,Milieu central,Angleterre,droit,120000000,sous contrat,2023-07-15,2028-06-30,West Ham United
Arsenal FC,Premier League,Martin Ødegaard,1998-12-17,Milieu offensif,Norvège,gauche,85000000,sous contrat,2021-08-20,2028-06-30,Real Madrid
Arsenal FC,Premier League,William Saliba,2001-03-24,Défenseur central,France,droit,80000000,sous contrat,2019-07-25,2027-06-30,AS Saint-Étienne
Arsenal FC,Premier League,Gabriel Magalhães,1997-12-19,Défenseur central,Brésil,gauche,75000000,sous contrat,2020-09-01,2029-06-30,LOSC Lille
Arsenal FC,Premier League,Kai Havertz,1999-06-11,Avant-centre,Allemagne,gauche,65000000,sous contrat,2023-07-01,2028-06-30,Chelsea FC
Arsenal FC,Premier League,Jurrien Timber,2001-06-17,Arrière droit,Pays-Bas,droit,55000000,sous contrat,2023-07-14,2028-06-30,Ajax Amsterdam
Arsenal FC,Premier League,Gabriel Martinelli,2001-06-18,Ailier gauche,Brésil,droit,55000000,sous contrat,2019-07-02,2027-06-30,Ituano Futebol Clube (SP)
Arsenal FC,Premier League,Ethan Nwaneri,2007-03-21,Ailier droit,Angleterre,gauche,55000000,sous contrat,2024-07-01,2030-06-30,Arsenal FC U21
Arsenal FC,Premier League,Ben White,1997-10-08,Arrière droit,Angleterre,droit,45000000,sous contrat,2021-07-30,2028-06-30,Brighton & Hove Albion
Arsenal FC,Premier League,Myles Lewis-Skelly,2006-09-26,Arrière gauche,Angleterre,gauche,45000000,sous contrat,2024-07-01,2030-06-30,Arsenal FC U21
Arsenal FC,Premier League,David Raya,1995-09-15,Gardien de but,Espagne,droit,40000000,sous contrat,2024-07-04,2028-06-30,FC Brentford
Arsenal FC,Premier League,Mikel Merino,1996-06-22,Milieu central,Espagne,gauche,35000000,sous contrat,2024-08-27,2028-06-30,Real Sociedad
Arsenal FC,Premier League,Riccardo Calafiori,2002-05-19,Arrière gauche,Italie,gauche,35000000,sous contrat,2024-07-29,2029-06-30,FC Bologna
Arsenal FC,Premier League,Gabriel Jesus,1997-04-03,Avant-centre,Brésil,droit,32000000,sous contrat,2022-07-04,2027-06-30,Manchester City
Arsenal FC,Premier League,Jakub Kiwior,2000-02-15,Défenseur central,Pologne,gauche,28000000,sous contrat,2023-01-23,2028-06-30,Spezia Calcio
Arsenal FC,Premier League,Leandro Trossard,1994-12-04,Ailier gauche,Belgique,droit,22000000,sous contrat,2023-01-20,2026-06-30,Brighton & Hove Albion
Arsenal FC,Premier League,Fábio Vieira,2000-05-30,Milieu offensif,Portugal,gauche,22000000,sous contrat,2022-07-01,2027-06-30,FC Porto
Arsenal FC,Premier League,Oleksandr Zinchenko,1996-12-15,Arrière gauche,Ukraine,gauche,20000000,sous contrat,2022-07-22,2026-06-30,Manchester City
Arsenal FC,Premier League,Takehiro Tomiyasu,1998-11-05,Arrière droit,Japon,droit,18000000,sous contrat,2021-08-31,2026-06-30,FC Bologna
Arsenal FC,Premier League,Reiss Nelson,1999-12-10,Ailier droit,Angleterre,droit,16000000,sous contrat,2019-07-01,2027-06-30,Arsenal FC U23
Arsenal FC,Premier League,Kepa Arrizabalaga,1994-10-03,Gardien de but,Espagne,droit,10000000,sous contrat,2025-07-01,2028-06-30,Chelsea FC
Arsenal FC,Premier League,Albert Sambi Lokonga,1999-10-22,Milieu central,Belgique,droit,8000000,sous contrat,2021-07-19,2026-06-30,RSC Anderlecht
Arsenal FC,Premier League,Karl Hein,2002-04-13,Gardien de but,Estonie,droit,3000000,sous contrat,2022-07-01,2026-06-30,Arsenal FC U21
Real Madrid,LaLiga,Kylian Mbappé,1998-12-20,Avant-centre,France,droit,180000000,sous contrat,2029-06-30,2024-07-01,Paris Saint-Germain
Real Madrid,LaLiga,Jude Bellingham,2003-06-29,Milieu offensif,Angleterre,droit,180000000,sous contrat,2029-06-30,2023-07-01,Borussia Dortmund
Real Madrid,LaLiga,Vinicius Junior,2000-07-12,Ailier gauche,Brésil,droit,170000000,sous contrat,2027-06-30,2018-07-12,Clube Regatas Flamengo
Real Madrid,LaLiga,Federico Valverde,1998-07-22,Milieu central,Uruguay,droit,130000000,sous contrat,2029-06-30,2018-07-01,Real Madrid Castilla
Real Madrid,LaLiga,Rodrygo,2001-01-09,Ailier droit,Brésil,droit,90000000,sous contrat,2028-06-30,2019-07-01,Santos FC
Real Madrid,LaLiga,Trent Alexander-Arnold,1998-10-07,Arrière droit,Angleterre,droit,75000000,sous contrat,2031-06-30,2025-06-01,FC Liverpool
Real Madrid,LaLiga,Aurélien Tchouaméni,2000-01-27,Milieu défensif,France,droit,75000000,sous contrat,2028-06-30,2022-07-01,AS Monaco
Real Madrid,LaLiga,Eduardo Camavinga,2002-11-10,Milieu central,France,gauche,60000000,sous contrat,2029-06-30,2021-08-31,Stade Rennais FC
Real Madrid,LaLiga,Dean Huijsen,2005-04-14,Défenseur central,Espagne,ambidextre,60000000,sous contrat,2030-06-30,2025-06-01,AFC Bournemouth
Real Madrid,LaLiga,Arda Güler,2005-02-25,Ailier droit,Turquie,gauche,45000000,sous contrat,2029-06-30,2023-07-06,Fenerbahce
Real Madrid,LaLiga,Brahim Díaz,1999-08-03,Ailier droit,Maroc,ambidextre,40000000,sous contrat,2027-06-30,2019-01-06,Manchester City
Real Madrid,LaLiga,Raúl Asencio,2003-02-13,Défenseur central,Espagne,droit,40000000,sous contrat,2026-06-30,2024-07-01,Real Madrid Castilla
Real Madrid,LaLiga,Endrick,2006-07-21,Avant-centre,Brésil,gauche,35000000,sous contrat,2030-06-30,2024-07-21,Sociedade Esportiva Palmeiras
Real Madrid,LaLiga,Éder Militão,1998-01-18,Défenseur central,Brésil,droit,30000000,sous contrat,2028-06-30,2019-07-01,FC Porto
Real Madrid,LaLiga,Antonio Rüdiger,1993-03-03,Défenseur central,Allemagne,droit,20000000,sous contrat,2026-06-30,2022-07-01,Chelsea FC
Real Madrid,LaLiga,Thibaut Courtois,1992-05-11,Gardien de but,Belgique,gauche,20000000,sous contrat,2026-06-30,2018-08-09,Chelsea FC
Real Madrid,LaLiga,Fran García,1999-08-14,Arrière gauche,Espagne,gauche,18000000,sous contrat,2027-06-30,2023-07-01,Rayo Vallecano
Real Madrid,LaLiga,Andriy Lunin,1999-02-11,Gardien de but,Ukraine,droit,18000000,sous contrat,2030-06-30,2018-07-01,Zorya Lugansk
Real Madrid,LaLiga,Ferland Mendy,1995-06-08,Arrière gauche,France,gauche,14000000,sous contrat,2028-06-30,2019-07-01,Olympique Lyonnais
Real Madrid,LaLiga,Dani Ceballos,1996-08-07,Milieu central,Espagne,droit,10000000,sous contrat,2027-06-30,2017-07-14,Real Betis Balompié
Real Madrid,LaLiga,Daniel Carvajal,1992-01-11,Arrière droit,Espagne,droit,8000000,sous contrat,2026-06-30,2013-07-01,Bayer 04 Leverkusen
Real Madrid,LaLiga,Gonzalo,2004-03-24,Avant-centre,Espagne,ambidextre,8000000,sous contrat,2027-06-30,2025-07-01,Real Madrid Castilla
Real Madrid,LaLiga,David Alaba,1992-06-24,Défenseur central,Autriche,gauche,6000000,sous contrat,2026-06-30,2021-07-01,Bayern Munich
Real Madrid,LaLiga,Luka Modrić,1985-09-09,Milieu central,Croatie,droit,4000000,sans contrat,2025-07-13,2012-08-27,Tottenham Hotspur
Real Madrid,LaLiga,Lucas Vázquez,1991-07-01,Arrière droit,Espagne,droit,3000000,sans contrat,2025-07-13,2015-07-02,Espanyol Barcelona
Real Madrid,LaLiga,Álvaro Rodríguez,2004-07-14,Avant-centre,Uruguay,gauche,2500000,sous contrat,2027-06-30,2024-07-01,Real Madrid Castilla
Real Madrid,LaLiga,Reinier,2002-01-19,Milieu offensif,Brésil,droit,1500000,sous contrat,2026-06-30,2020-01-20,Clube Regatas Flamengo
Real Madrid,LaLiga,Mario Martín,2004-03-05,Milieu défensif,Espagne,droit,1500000,sous contrat,2026-06-30,2025-06-01,Real Madrid Castilla
Real Madrid,LaLiga,Fran González,2005-06-24,Gardien de but,Espagne,droit,400000,sous contrat,2026-06-30,,
Borussia Dortmund,Bundesliga,Jamie Gittens,2004-08-08,Ailier gauche,Angleterre,droit,50000000,sous contrat,2028-06-30,2022-07-01,Borussia Dortmund U19
Borussia Dortmund,Bundesliga,Serhou Guirassy,1996-03-12,Avant-centre,Guinée,droit,45000000,sous contrat,2028-06-30,2024-07-18,VfB Stuttgart
Borussia Dortmund,Bundesliga,Karim Adeyemi,2002-01-18,Ailier droit,Allemagne,gauche,45000000,sous contrat,2027-06-30,2022-07-01,Red Bull Salzbourg
Borussia Dortmund,Bundesliga,Gregor Kobel,1997-12-06,Gardien de but,Suisse,droit,40000000,sous contrat,2028-06-30,2021-07-01,VfB Stuttgart
Borussia Dortmund,Bundesliga,Nico Schlotterbeck,1999-12-01,Défenseur central,Allemagne,gauche,40000000,sous contrat,2027-06-30,2022-07-01,SC Fribourg
Borussia Dortmund,Bundesliga,Felix Nmecha,2000-10-10,Milieu central,Allemagne,droit,28000000,sous contrat,2028-06-30,2023-07-03,VfL Wolfsburg
Borussia Dortmund,Bundesliga,Julian Brandt,1996-05-02,Milieu offensif,Allemagne,droit,25000000,sous contrat,2026-06-30,2019-07-01,Bayer 04 Leverkusen
Borussia Dortmund,Bundesliga,Maximilian Beier,2002-10-17,Avant-centre,Allemagne,droit,25000000,sous contrat,2029-06-30,2024-08-12,TSG 1899 Hoffenheim
Borussia Dortmund,Bundesliga,Jobe Bellingham,2005-09-23,Milieu central,Angleterre,droit,22000000,sous contrat,2030-06-30,2025-06-10,AFC Sunderland
Borussia Dortmund,Bundesliga,Julian Ryerson,1997-11-17,Arrière droit,Norvège,droit,20000000,sous contrat,2028-06-30,2023-01-17,1.FC Union Berlin
Borussia Dortmund,Bundesliga,Yan Couto,2002-06-03,Arrière droit,Brésil,droit,20000000,sous contrat,2030-06-30,2025-07-01,Manchester City
Borussia Dortmund,Bundesliga,Waldemar Anton,1996-07-20,Défenseur central,Allemagne,droit,18000000,sous contrat,2028-06-30,2024-07-08,VfB Stuttgart
Borussia Dortmund,Bundesliga,Carney Chukwuemeka,2003-10-20,Milieu central,Angleterre,droit,18000000,sous contrat,2025-07-15,2025-02-03,Chelsea FC
Borussia Dortmund,Bundesliga,Daniel Svensson,2002-02-12,Arrière gauche,Suède,gauche,12000000,sous contrat,2029-06-30,2025-07-01,FC Nordsjaelland
Borussia Dortmund,Bundesliga,Julien Duranville,2006-05-05,Ailier gauche,Belgique,droit,8500000,sous contrat,,2023-01-27,RSC Anderlecht
Borussia Dortmund,Bundesliga,Marcel Sabitzer,1994-03-17,Milieu central,Autriche,droit,8000000,sous contrat,2027-06-30,2023-07-24,Bayern Munich
Borussia Dortmund,Bundesliga,Niklas Süle,1995-09-03,Défenseur central,Allemagne,droit,8000000,sous contrat,2026-06-30,2022-07-01,Bayern Munich
Borussia Dortmund,Bundesliga,Soumaïla Coulibaly,2003-10-14,Défenseur central,France,gauche,8000000,sous contrat,2026-06-30,2021-07-01,Paris Saint-Germain U19
Borussia Dortmund,Bundesliga,Emre Can,1994-01-12,Milieu défensif,Allemagne,droit,7000000,sous contrat,2026-06-30,2020-07-01,Juventus Turin
Borussia Dortmund,Bundesliga,Ramy Bensebaini,1995-04-16,Arrière gauche,Algérie,gauche,7000000,sous contrat,2027-06-30,2023-07-01,Borussia Mönchengladbach
Borussia Dortmund,Bundesliga,Diant Ramaj,2001-09-19,Gardien de but,Allemagne,droit,7000000,sous contrat,2029-06-30,2025-02-03,Ajax Amsterdam
Borussia Dortmund,Bundesliga,Giovanni Reyna,2002-11-13,Milieu offensif,États-Unis,droit,7000000,sous contrat,2026-06-30,2020-01-12,Borussia Dortmund U19
Borussia Dortmund,Bundesliga,Pascal Groß,1991-06-15,Milieu central,Allemagne,droit,5000000,sous contrat,2026-06-30,2024-08-01,Brighton & Hove Albion
Borussia Dortmund,Bundesliga,Salih Özcan,1998-01-11,Milieu défensif,Turquie,droit,4000000,sous contrat,2026-06-30,2022-07-01,1.FC Köln
Borussia Dortmund,Bundesliga,Sébastien Haller,1994-06-22,Avant-centre,Côte d'Ivoire,droit,3000000,sous contrat,2026-06-30,2022-07-06,Ajax Amsterdam
Borussia Dortmund,Bundesliga,Cole Campbell,2006-02-20,Ailier droit,États-Unis,gauche,1500000,sous contrat,2028-06-30,2024-07-09,Borussia Dortmund U19
Borussia Dortmund,Bundesliga,Almugera Kabar,2006-06-06,Arrière gauche,Allemagne,gauche,1000000,sous contrat,2028-06-30,2024-08-07,Borussia Dortmund U19
Borussia Dortmund,Bundesliga,Alexander Meyer,1991-04-13,Gardien de but,Allemagne,droit,800000,sous contrat,2026-06-30,2022-07-01,SSV Jahn Regensburg
Borussia Dortmund,Bundesliga,Filippo Mané,2005-03-08,Défenseur central,Italie,droit,600000,sous contrat,2028-06-30,2025-01-06,Borussia Dortmund II
Borussia Dortmund,Bundesliga,Patrick Drewes,1993-02-04,Gardien de but,Allemagne,droit,500000,sous contrat,2027-06-30,2025-07-01,VfL Bochum
Borussia Dortmund,Bundesliga,Silas Ostrzinski,2003-11-19,Gardien de but,Allemagne,droit,200000,sous contrat,2027-06-30,2025-01-04,Borussia Dortmund II
VfB Stuttgart,Bundesliga,Angelo Stiller,2001-04-04,Milieu défensif,Allemagne,gauche,45000000,sous contrat,2028-06-30,2023-08-25,TSG 1899 Hoffenheim
VfB Stuttgart,Bundesliga,Enzo Millot,2002-07-17,Milieu offensif,France,gauche,35000000,sous contrat,2028-06-30,2021-08-14,AS Monaco
VfB Stuttgart,Bundesliga,Nick Woltemade,2002-02-14,Deuxième attaquant,Allemagne,droit,30000000,sous contrat,2028-06-30,2024-07-01,SV Werder Bremen
VfB Stuttgart,Bundesliga,Ermedin Demirovic,1998-03-25,Avant-centre,Bosnie-Herzégovine,droit,22000000,sous contrat,2028-06-30,2024-07-16,FC Augsburg
VfB Stuttgart,Bundesliga,Maximilian Mittelstädt,1997-03-18,Arrière gauche,Allemagne,gauche,20000000,sous contrat,2028-06-30,2023-07-01,Hertha BSC
VfB Stuttgart,Bundesliga,Deniz Undav,1996-07-19,Avant-centre,Allemagne,ambidextre,20000000,sous contrat,2027-06-30,2024-08-09,Brighton & Hove Albion
VfB Stuttgart,Bundesliga,Jamie Leweling,2001-02-26,Ailier droit,Allemagne,ambidextre,20000000,sous contrat,2029-06-30,2024-07-01,1.FC Union Berlin
VfB Stuttgart,Bundesliga,Finn Jeltsch,2006-07-17,Défenseur central,Allemagne,droit,20000000,sous contrat,2030-06-30,2025-02-03,1.FC Nürnberg
VfB Stuttgart,Bundesliga,Chris Führich,1998-01-09,Ailier gauche,Allemagne,droit,15000000,sous contrat,2028-06-30,2021-07-19,SC Paderborn 07
VfB Stuttgart,Bundesliga,Alexander Nübel,1996-09-30,Gardien de but,Allemagne,droit,12000000,sous contrat,2026-06-30,2023-07-25,Bayern Munich
VfB Stuttgart,Bundesliga,Atakan Karazor,1996-10-13,Milieu défensif,Turquie,droit,12000000,sous contrat,2028-06-30,2019-07-01,Holstein Kiel
VfB Stuttgart,Bundesliga,Jeff Chabot,1998-02-12,Défenseur central,Allemagne,gauche,12000000,sous contrat,2028-06-30,2024-07-01,1.FC Köln
VfB Stuttgart,Bundesliga,Josha Vagnoman,2000-12-11,Arrière droit,Allemagne,droit,10000000,sous contrat,2026-06-30,2022-07-09,Hamburger SV
VfB Stuttgart,Bundesliga,Lorenz Assignon,2000-06-22,Arrière droit,France,droit,9000000,sous contrat,2029-06-30,2025-07-01,Stade Rennais FC
VfB Stuttgart,Bundesliga,Ameen Al-Dakhil,2002-03-06,Défenseur central,Belgique,droit,7500000,sous contrat,2028-06-30,2024-08-27,Burnley FC
VfB Stuttgart,Bundesliga,Silas,1998-10-06,Ailier droit,RD Congo,droit,7000000,sous contrat,2026-06-30,2019-08-13,Paris FC
VfB Stuttgart,Bundesliga,Luca Jaquez,2003-06-02,Défenseur central,Suisse,droit,6000000,sous contrat,2029-06-30,2025-02-03,FC Lucerne
VfB Stuttgart,Bundesliga,Jacob Bruun Larsen,1998-09-19,Ailier gauche,Danemark,droit,5000000,sous contrat,2027-06-30,2025-01-08,TSG 1899 Hoffenheim
VfB Stuttgart,Bundesliga,Ramon Hendriks,2001-07-18,Arrière gauche,Pays-Bas,gauche,5000000,sous contrat,2028-06-30,2024-07-01,Feyenoord Rotterdam
VfB Stuttgart,Bundesliga,Leonidas Stergiou,2002-03-03,Arrière droit,Suisse,droit,5000000,sous contrat,2028-06-30,2024-07-01,FC Saint-Gall 1879
VfB Stuttgart,Bundesliga,Yannik Keitel,2000-02-15,Milieu défensif,Allemagne,ambidextre,3500000,sous contrat,2028-06-30,2024-07-01,SC Fribourg
VfB Stuttgart,Bundesliga,Justin Diehl,2004-11-27,Ailier gauche,Allemagne,droit,3000000,sous contrat,2029-06-30,2024-07-01,1.FC Köln
VfB Stuttgart,Bundesliga,Anrie Chase,2004-03-24,Défenseur central,Japon,droit,3000000,sous contrat,,,VfB Stuttgart II
VfB Stuttgart,Bundesliga,Pascal Stenzel,1996-03-20,Arrière droit,Allemagne,droit,2000000,sous contrat,2026-06-30,2020-07-01,SC Fribourg
VfB Stuttgart,Bundesliga,Dan-Axel Zagadou,1999-06-03,Défenseur central,France,gauche,2000000,sous contrat,2026-06-30,2022-09-19,Sans club
VfB Stuttgart,Bundesliga,Juan José Perea,2000-02-23,Avant-centre,Colombie,droit,2000000,sous contrat,2026-06-30,2022-07-08,PAS Giannina
VfB Stuttgart,Bundesliga,Noah Darvich,2006-09-25,Milieu offensif,Allemagne,gauche,2000000,sous contrat,2029-06-30,2025-07-01,FC Barcelone Atlètic
VfB Stuttgart,Bundesliga,Fabian Bredlow,1995-03-02,Gardien de but,Allemagne,ambidextre,800000,sous contrat,2026-06-30,2019-07-01,1.FC Nürnberg
VfB Stuttgart,Bundesliga,Wahid Faghir,2003-07-29,Avant-centre,Danemark,droit,700000,sous contrat,2026-06-30,2021-08-31,Vejle Boldklub
VfB Stuttgart,Bundesliga,Nikolas Nartey,2000-02-22,Milieu central,Danemark,gauche,400000,sous contrat,2026-06-30,2019-08-29,1.FC Köln
VfB Stuttgart,Bundesliga,Thomas Kastanaras,2003-01-09,Avant-centre,Allemagne,,400000,sous contrat,2026-06-30,2022-07-01,VfB Stuttgart U19
VfB Stuttgart,Bundesliga,Stefan Drljaca,1999-04-20,Gardien de but,Allemagne,droit,325000,sous contrat,2027-06-30,2024-07-01,SG Dynamo Dresden
TSG 1899 Hoffenheim,Bundesliga,Adam Hlozek,2002-07-25,Deuxième attaquant,Tchéquie,droit,18000000,sous contrat,2029-06-30,2024-08-17,Bayer 04 Leverkusen
TSG 1899 Hoffenheim,Bundesliga,Anton Stach,1998-11-15,Milieu défensif,Allemagne,droit,14000000,sous contrat,2027-06-30,2023-09-01,1.FSV Mainz 05
TSG 1899 Hoffenheim,Bundesliga,Koki Machida,1997-08-25,Défenseur central,Japon,gauche,11000000,sous contrat,,2025-07-01,Union Saint-Gilloise
TSG 1899 Hoffenheim,Bundesliga,Leon Avdullahu,2004-02-23,Milieu défensif,Suisse,droit,10000000,sous contrat,,2025-07-01,FC Bâle 1893
TSG 1899 Hoffenheim,Bundesliga,Gift Orban,2002-07-17,Avant-centre,Nigeria,droit,10000000,sous contrat,2029-06-30,2025-01-02,Olympique Lyonnais
TSG 1899 Hoffenheim,Bundesliga,Bazoumana Touré,2006-03-02,Ailier gauche,Côte d'Ivoire,gauche,9000000,sous contrat,2029-06-30,2025-02-01,Hammarby IF
TSG 1899 Hoffenheim,Bundesliga,Fisnik Asllani,2002-08-08,Avant-centre,Kosovo,droit,8000000,sous contrat,2026-06-30,2022-01-04,TSG 1899 Hoffenheim II
TSG 1899 Hoffenheim,Bundesliga,Valentin Gendrey,2000-06-21,Arrière droit,France,droit,7000000,sous contrat,,2024-08-27,US Lecce
TSG 1899 Hoffenheim,Bundesliga,Muhammed Damar,2004-04-09,Milieu offensif,Allemagne,droit,7000000,sous contrat,,2022-07-01,Eintracht Frankfurt U19
TSG 1899 Hoffenheim,Bundesliga,Max Moerstedt,2006-01-15,Avant-centre,Allemagne,droit,7000000,sous contrat,2027-06-30,2024-01-01,TSG 1899 Hoffenheim U19
TSG 1899 Hoffenheim,Bundesliga,Umut Tohumcu,2004-08-11,Milieu central,Allemagne,droit,6000000,sous contrat,2028-06-30,2023-01-18,TSG 1899 Hoffenheim II
TSG 1899 Hoffenheim,Bundesliga,Bernardo,1995-05-14,Défenseur central,Brésil,gauche,5500000,sous contrat,,2025-07-01,VfL Bochum
TSG 1899 Hoffenheim,Bundesliga,Ozan Kabak,2000-03-25,Défenseur central,Turquie,droit,5000000,sous contrat,2026-06-30,2022-07-23,FC Schalke 04
TSG 1899 Hoffenheim,Bundesliga,Alexander Prass,2001-05-26,Arrière gauche,Autriche,gauche,5000000,sous contrat,2028-06-30,2024-08-05,SK Sturm Graz
TSG 1899 Hoffenheim,Bundesliga,Tim Lemperle,2002-02-05,Avant-centre,Allemagne,droit,5000000,sous contrat,,2025-07-01,1.FC Köln
TSG 1899 Hoffenheim,Bundesliga,Arthur Chaves,2001-01-29,Défenseur central,Brésil,droit,5000000,sous contrat,,2024-08-30,Académico Viseu FC
TSG 1899 Hoffenheim,Bundesliga,Andrej Kramaric,1991-06-19,Milieu offensif,Croatie,droit,4000000,sous contrat,2026-06-30,2016-07-01,FC Augsburg
TSG 1899 Hoffenheim,Bundesliga,Mergim Berisha,1998-05-11,Avant-centre,Allemagne,droit,3500000,sous contrat,2027-06-30,2023-08-30,FC Augsburg
TSG 1899 Hoffenheim,Bundesliga,Robin Hranac,2000-01-29,Défenseur central,Tchéquie,droit,3500000,sous contrat,,2024-08-25,FC Viktoria Plzen
TSG 1899 Hoffenheim,Bundesliga,Oliver Baumann,1990-06-02,Gardien de but,Allemagne,droit,3000000,sous contrat,2026-06-30,2014-07-01,SC Fribourg
TSG 1899 Hoffenheim,Bundesliga,Grischa Prömel,1995-01-09,Milieu central,Allemagne,droit,3000000,sous contrat,2026-06-30,2022-07-01,1.FC Union Berlin
TSG 1899 Hoffenheim,Bundesliga,Tim Drexler,2005-03-06,Défenseur central,Allemagne,droit,3000000,sous contrat,2028-06-30,2024-07-01,TSG 1899 Hoffenheim II
TSG 1899 Hoffenheim,Bundesliga,Marius Bülter,1993-03-29,Ailier gauche,Allemagne,droit,2500000,sous contrat,2026-06-30,2023-07-06,FC Schalke 04
TSG 1899 Hoffenheim,Bundesliga,Kevin Akpoguma,1995-04-19,Défenseur central,Nigeria,droit,2500000,sous contrat,2026-06-30,2013-07-01,Karlsruher SC
TSG 1899 Hoffenheim,Bundesliga,Haris Tabakovic,1994-06-20,Avant-centre,Bosnie-Herzégovine,droit,2500000,sous contrat,2027-06-30,2024-08-23,Hertha BSC
TSG 1899 Hoffenheim,Bundesliga,Stanley Nsoki,1999-04-09,Défenseur central,France,droit,2500000,sous contrat,2027-06-30,2022-08-03,Club Brugge KV
TSG 1899 Hoffenheim,Bundesliga,Erencan Yardımcı,2002-02-04,Avant-centre,Turquie,droit,2500000,sous contrat,,2024-08-30,Eyüpspor
TSG 1899 Hoffenheim,Bundesliga,Florian Grillitsch,1995-08-07,Milieu défensif,Autriche,droit,2000000,sous contrat,2026-06-30,2023-07-01,Ajax
TSG 1899 Hoffenheim,Bundesliga,Dennis Geiger,1998-06-10,Milieu central,Allemagne,droit,2000000,sous contrat,2027-06-30,2016-07-01,TSG 1899 Hoffenheim U19
TSG 1899 Hoffenheim,Bundesliga,Finn Becker,2000-06-08,Milieu central,Allemagne,gauche,2000000,sous contrat,2026-06-30,2022-07-01,FC St. Pauli
TSG 1899 Hoffenheim,Bundesliga,Luka Hyryläinen,2004-08-25,Milieu défensif,Finlande,droit,2000000,sous contrat,2026-06-30,2025-07-01,TSG 1899 Hoffenheim II
TSG 1899 Hoffenheim,Bundesliga,Nahuel Noll,2003-03-17,Gardien de but,Allemagne,droit,1800000,sous contrat,2027-06-30,2021-07-01,Standard de Liège
TSG 1899 Hoffenheim,Bundesliga,Attila Szalai,1998-01-20,Défenseur central,Hongrie,gauche,1700000,sous contrat,2027-06-30,2023-07-24,Fenerbahce
TSG 1899 Hoffenheim,Bundesliga,Ihlas Bebou,1994-04-23,Avant-centre,Togo,droit,1000000,sous contrat,2026-06-30,2019-07-01,Hannover 96
TSG 1899 Hoffenheim,Bundesliga,David Mokwa,2004-05-03,Avant-centre,France,droit,1000000,sous contrat,2027-06-30,2025-01-28,TSG 1899 Hoffenheim II
TSG 1899 Hoffenheim,Bundesliga,Luca Philipp,2000-11-28,Gardien de but,Allemagne,droit,750000,sous contrat,2026-06-30,2020-07-31,TSG 1899 Hoffenheim II
TSG 1899 Hoffenheim,Bundesliga,Florian Micheler,2005-05-17,Milieu offensif,Autriche,droit,500000,sous contrat,2026-06-30,2024-07-01,TSG 1899 Hoffenheim II
TSG 1899 Hoffenheim,Bundesliga,Hennes Behrens,2005-01-19,Arrière gauche,Allemagne,droit,350000,sous contrat,,2025-07-01,TSG 1899 Hoffenheim II
TSG 1899 Hoffenheim,Bundesliga,Lúkas Petersson,2004-02-09,Gardien de but,Islande,droit,250000,sous contrat,2027-06-30,2024-07-01,TSG 1899 Hoffenheim II
AC Milan,Serie A,Rafael Leão,1999-06-10,Ailier gauche,Portugal,droit,70000000,sous contrat,2028-06-30,2019-08-01,LOSC Lille
AC Milan,Serie A,Christian Pulisic,1998-09-18,Ailier droit,États-Unis,droit,50000000,sous contrat,2027-06-30,2023-07-13,Chelsea FC
AC Milan,Serie A,Theo Hernández,1997-10-06,Arrière gauche,France,gauche,35000000,sous contrat,2026-06-30,2019-07-06,Real Madrid
AC Milan,Serie A,Samuele Ricci,2001-08-21,Milieu défensif,Italie,droit,30000000,sous contrat,2029-06-30,2025-07-03,Torino FC
AC Milan,Serie A,Santiago Gimenez,2001-04-18,Avant-centre,Mexique,gauche,30000000,sous contrat,2029-06-30,2025-02-03,Feyenoord Rotterdam
AC Milan,Serie A,Youssouf Fofana,1999-01-10,Milieu défensif,France,droit,30000000,sous contrat,2028-06-30,2024-08-17,AS Monaco
AC Milan,Serie A,Mike Maignan,1995-07-03,Gardien de but,France,droit,25000000,sous contrat,2026-06-30,2021-07-01,LOSC Lille
AC Milan,Serie A,Fikayo Tomori,1997-12-19,Défenseur central,Angleterre,droit,20000000,sous contrat,2027-06-30,2021-07-01,Chelsea FC
AC Milan,Serie A,Yunus Musah,2002-11-29,Milieu central,États-Unis,droit,20000000,sous contrat,2028-06-30,2023-08-04,FC Valencia
AC Milan,Serie A,Malick Thiaw,2001-08-08,Défenseur central,Allemagne,droit,18000000,sous contrat,2027-06-30,2022-08-29,FC Schalke 04
AC Milan,Serie A,Strahinja Pavlović,2001-05-24,Défenseur central,Serbie,gauche,18000000,sous contrat,2028-06-30,2024-07-31,Red Bull Salzbourg
AC Milan,Serie A,Alexis Saelemaekers,1999-06-27,Ailier droit,Belgique,droit,17000000,sous contrat,2027-06-30,2020-09-01,RSC Anderlecht
AC Milan,Serie A,Ismaël Bennacer,1997-12-01,Milieu défensif,Algérie,gauche,15000000,sous contrat,2027-06-30,2019-08-04,FC Empoli
AC Milan,Serie A,Álex Jiménez,2005-05-08,Arrière droit,Espagne,droit,15000000,sous contrat,2028-06-30,2024-07-01,Real Madrid U19
AC Milan,Serie A,Matteo Gabbia,1999-10-21,Défenseur central,Italie,droit,14000000,sous contrat,2029-06-30,2017-07-01,Milan Primavera
AC Milan,Serie A,Noah Okafor,2000-05-24,Ailier gauche,Suisse,droit,13000000,sous contrat,2028-06-30,2023-07-22,Red Bull Salzbourg
AC Milan,Serie A,Yacine Adli,2000-07-29,Milieu défensif,France,droit,11000000,sous contrat,2026-06-30,2021-08-30,FC Girondins de Bordeaux
AC Milan,Serie A,Ruben Loftus-Cheek,1996-01-23,Milieu central,Angleterre,droit,10000000,sous contrat,2027-06-30,2023-07-01,Chelsea FC
AC Milan,Serie A,Samuel Chukwueze,1999-05-22,Ailier droit,Nigeria,gauche,10000000,sous contrat,2028-06-30,2023-07-27,Villarreal CF
AC Milan,Serie A,Warren Bondo,2003-09-15,Milieu central,France,droit,10000000,sous contrat,2029-06-30,2025-02-03,AC Monza
AC Milan,Serie A,Tommaso Pobega,1999-07-15,Milieu central,Italie,gauche,9000000,sous contrat,2027-06-30,2018-07-01,Milan Primavera
AC Milan,Serie A,Emerson Royal,1999-01-14,Arrière droit,Brésil,droit,9000000,sous contrat,2028-06-30,2024-08-12,Tottenham Hotspur
AC Milan,Serie A,Lorenzo Colombo,2002-03-08,Avant-centre,Italie,gauche,5000000,sous contrat,2028-06-30,2020-09-01,Milan Primavera
AC Milan,Serie A,Filippo Terracciano,2003-02-08,Arrière droit,Italie,droit,3200000,sous contrat,2028-06-30,2024-01-08,Hellas Verona
AC Milan,Serie A,Devis Vásquez,1998-05-12,Gardien de but,Colombie,droit,2000000,sous contrat,2026-06-30,2023-01-03,Club Guaraní
AC Milan,Serie A,Marco Sportiello,1992-05-10,Gardien de but,Italie,droit,1000000,sous contrat,2027-06-30,2023-07-01,Atalanta BC
AC Milan,Serie A,Lorenzo Torriani,2005-01-31,Gardien de but,Italie,droit,500000,sous contrat,2030-06-30,2024-07-01,AC Milan Primavera
AS Roma,Serie A,Manu Koné,2001-05-17,Milieu central,France,droit,40000000,sous contrat,2029-06-30,2024-08-30,Borussia Mönchengladbach
AS Roma,Serie A,Artem Dovbyk,1997-06-21,Avant-centre,Ukraine,gauche,30000000,sous contrat,2029-06-30,2024-08-02,Girona FC
AS Roma,Serie A,Evan Ndicka,1999-08-20,Défenseur central,Côte d'Ivoire,gauche,30000000,sous contrat,2028-06-30,2023-07-01,Eintracht Francfort
AS Roma,Serie A,Matías Soulé,2003-04-15,Ailier droit,Argentine,gauche,30000000,sous contrat,2029-06-30,2024-07-30,Juventus Turin
AS Roma,Serie A,Mile Svilar,1999-08-27,Gardien de but,Serbie,droit,25000000,sous contrat,2027-06-30,2022-07-01,SL Benfica
AS Roma,Serie A,Angeliño,1997-01-04,Arrière gauche,Espagne,gauche,20000000,sous contrat,2028-06-30,2024-07-01,RB Leipzig
AS Roma,Serie A,Gianluca Mancini,1996-04-17,Défenseur central,Italie,droit,15000000,sous contrat,2027-06-30,2020-09-01,Atalanta BC
AS Roma,Serie A,Niccolò Pisilli,2004-09-23,Milieu central,Italie,droit,13000000,sous contrat,2029-06-30,2024-07-01,Roma Formation 20
AS Roma,Serie A,Tommaso Baldanzi,2003-03-23,Milieu offensif,Italie,gauche,12000000,sous contrat,2028-06-30,2024-02-01,FC Empoli
AS Roma,Serie A,Devyne Rensch,2003-01-18,Arrière droit,Pays-Bas,droit,10000000,sous contrat,2029-06-30,2025-01-23,Ajax Amsterdam
AS Roma,Serie A,Lorenzo Pellegrini,1996-06-19,Milieu offensif,Italie,droit,9000000,sous contrat,2026-06-30,2017-07-01,US Sassuolo
AS Roma,Serie A,Paulo Dybala,1993-11-15,Deuxième attaquant,Argentine,gauche,8000000,sous contrat,2026-06-30,2022-07-20,Juventus Turin
AS Roma,Serie A,Anass Salah-Eddine,2002-01-18,Arrière gauche,Pays-Bas,gauche,8000000,sous contrat,2028-06-30,2025-02-03,FC Twente Enschede
AS Roma,Serie A,Marash Kumbulla,2000-02-08,Défenseur central,Albanie,droit,7000000,sous contrat,2027-06-30,2021-07-01,Hellas Verona
AS Roma,Serie A,Bryan Cristante,1995-03-03,Milieu défensif,Italie,droit,7000000,sous contrat,2027-06-30,2019-07-01,Atalanta BC
AS Roma,Serie A,Mario Hermoso,1995-06-18,Défenseur central,Espagne,gauche,7000000,sous contrat,2027-06-30,2024-09-02,Sans club
AS Roma,Serie A,Zeki Çelik,1997-02-17,Arrière droit,Turquie,droit,6000000,sous contrat,2026-06-30,2022-07-05,LOSC Lille
AS Roma,Serie A,Leandro Paredes,1994-06-29,Milieu défensif,Argentine,droit,5000000,sous contrat,2026-06-30,2023-08-16,Paris Saint-Germain
AS Roma,Serie A,Eldor Shomurodov,1995-06-29,Avant-centre,Ouzbékistan,droit,5000000,sous contrat,2026-06-30,2021-08-02,Genoa CFC
AS Roma,Serie A,Edoardo Bove,2002-05-16,Milieu central,Italie,droit,5000000,sous contrat,2028-06-30,2021-07-01,Roma Formation 19
AS Roma,Serie A,Stephan El Shaarawy,1992-10-27,Ailier gauche,Italie,droit,3000000,sous contrat,2026-06-30,2021-01-30,Shanghai Shenhua
AS Roma,Serie A,Saud Abdulhamid,1999-07-18,Arrière droit,Arabie Saoudite,droit,3000000,sous contrat,2028-06-30,2024-08-27,Al-Hilal SFC
AS Roma,Serie A,Riccardo Pagano,2004-11-28,Milieu central,Italie,droit,2000000,sous contrat,2026-06-30,2024-07-01,Roma Formation 20
AS Roma,Serie A,Ola Solbakken,1998-09-07,Ailier droit,Norvège,gauche,2000000,sous contrat,2027-06-30,2023-01-02,FK Bodø/Glimt
AS Roma,Serie A,Luigi Cherubini,2004-01-15,Ailier gauche,Italie,droit,2000000,sous contrat,2027-06-30,,
AS Roma,Serie A,Pierluigi Gollini,1995-03-18,Gardien de but,Italie,droit,1000000,sous contrat,2027-06-30,2025-01-24,Atalanta BC
AS Roma,Serie A,Ebrima Darboe,2001-06-06,Milieu défensif,Gambie,droit,1000000,sous contrat,2026-06-30,2021-07-01,Roma Formation 19
AS Roma,Serie A,Buba Sangaré,2007-08-06,Arrière droit,Espagne,droit,1000000,sous contrat,2027-06-30,2024-07-02,Levante UD Juvenil A
Aston Villa,Premier League,Morgan Rogers,2002-07-26,Milieu offensif,Angleterre,droit,55000000,sous contrat,2030-06-30,2024-02-01,Middlesbrough FC
Aston Villa,Premier League,Amadou Onana,2001-08-16,Milieu défensif,Belgique,droit,50000000,sous contrat,2029-06-30,2024-07-22,FC Everton
Aston Villa,Premier League,Ollie Watkins,1995-12-30,Avant-centre,Angleterre,droit,40000000,sous contrat,2028-06-30,2020-09-09,FC Brentford
Aston Villa,Premier League,Boubacar Kamara,1999-11-23,Milieu défensif,France,droit,40000000,sous contrat,2027-06-30,2022-07-01,Olympique de Marseille
Aston Villa,Premier League,Youri Tielemans,1997-05-07,Milieu central,Belgique,droit,38000000,sous contrat,2027-06-30,2023-07-01,Leicester City
Aston Villa,Premier League,Ezri Konsa,1997-10-23,Défenseur central,Angleterre,droit,35000000,sous contrat,2028-06-30,2019-07-11,FC Brentford
Aston Villa,Premier League,Pau Torres,1997-01-16,Défenseur central,Espagne,gauche,32000000,sous contrat,2028-06-30,2023-07-12,Villarreal CF
Aston Villa,Premier League,Jacob Ramsey,2001-05-28,Milieu gauche,Angleterre,droit,32000000,sous contrat,2027-06-30,2020-07-01,Aston Villa U23
Aston Villa,Premier League,Leon Bailey,1997-08-09,Ailier droit,Jamaïque,gauche,28000000,sous contrat,2027-06-30,2021-08-04,Bayer 04 Leverkusen
Aston Villa,Premier League,Ian Maatsen,2002-03-10,Arrière gauche,Pays-Bas,gauche,28000000,sous contrat,2030-06-30,2024-07-01,Chelsea FC
Aston Villa,Premier League,Donyell Malen,1999-01-19,Ailier droit,Pays-Bas,droit,25000000,sous contrat,,2025-01-14,Borussia Dortmund
Aston Villa,Premier League,Matty Cash,1997-08-07,Arrière droit,Pologne,droit,25000000,sous contrat,2027-06-30,2020-09-03,Nottingham Forest
Aston Villa,Premier League,Emiliano Martínez,1992-09-02,Gardien de but,Argentine,droit,20000000,sous contrat,2029-06-30,2020-09-16,Arsenal FC
Aston Villa,Premier League,John McGinn,1994-10-18,Milieu central,Écosse,gauche,16000000,sous contrat,2027-06-30,2018-08-08,Hibernian FC
Aston Villa,Premier League,Emiliano Buendía,1996-12-25,Milieu offensif,Argentine,droit,15000000,sous contrat,2027-06-30,2021-07-01,Norwich City
Aston Villa,Premier League,Lucas Digne,1993-07-20,Arrière gauche,France,gauche,10000000,sous contrat,2026-06-30,2022-01-13,FC Everton
Aston Villa,Premier League,Samuel Iling-Junior,2003-10-04,Ailier gauche,Angleterre,gauche,10000000,sous contrat,,2024-07-01,Juventus Turin
Aston Villa,Premier League,Enzo Barrenechea,2001-05-22,Milieu défensif,Argentine,droit,10000000,sous contrat,,2024-07-01,Juventus Turin
Aston Villa,Premier League,Kosta Nedeljkovic,2005-12-16,Arrière droit,Serbie,droit,10000000,sous contrat,2029-06-30,2024-01-22,Étoile Rouge de Belgrade
Aston Villa,Premier League,Yasin Özcan,2006-04-20,Défenseur central,Turquie,gauche,7500000,sous contrat,2029-06-30,2025-07-01,Kasimpasa
Aston Villa,Premier League,Álex Moreno,1993-06-08,Arrière gauche,Espagne,gauche,7000000,sous contrat,2026-06-30,2023-01-11,Real Betis Balompié
Aston Villa,Premier League,Andrés García,2003-02-07,Arrière droit,Espagne,droit,7000000,sous contrat,,2025-01-21,UD Levante
Aston Villa,Premier League,Ross Barkley,1993-12-05,Milieu central,Angleterre,droit,6000000,sous contrat,2026-06-30,2024-07-01,Luton Town
Aston Villa,Premier League,Lamare Bogarde,2004-01-05,Milieu défensif,Pays-Bas,droit,6000000,sous contrat,,2024-07-01,Aston Villa U21
Aston Villa,Premier League,Tyrone Mings,1993-03-13,Défenseur central,Angleterre,gauche,5000000,sous contrat,2027-06-30,2019-07-08,AFC Bournemouth
Aston Villa,Premier League,Leander Dendoncker,1995-04-15,Milieu défensif,Belgique,droit,4500000,sous contrat,2026-06-30,2022-09-01,Wolverhampton Wanderers
Aston Villa,Premier League,Lewis Dobbin,2003-01-03,Ailier gauche,Angleterre,droit,2500000,sous contrat,,2024-07-01,FC Everton
Aston Villa,Premier League,Joe Gauci,2000-07-04,Gardien de but,Australie,droit,1500000,sous contrat,2028-06-30,2024-02-01,Adelaide United
Aston Villa,Premier League,Filip Marschall,2003-04-24,Gardien de but,Angleterre,droit,800000,sous contrat,,2023-07-01,Aston Villa U21
Chelsea FC,Premier League,Cole Palmer,2002-05-06,Milieu offensif,Angleterre,gauche,120000000,sous contrat,2033-06-30,2023-09-01,Manchester City
Chelsea FC,Premier League,Moisés Caicedo,2001-11-02,Milieu défensif,Équateur,droit,90000000,sous contrat,2031-06-30,2023-08-14,Brighton & Hove Albion
Chelsea FC,Premier League,Enzo Fernández,2001-01-17,Milieu central,Argentine,droit,75000000,sous contrat,2032-06-30,2023-01-31,SL Benfica
Chelsea FC,Premier League,Levi Colwill,2003-02-26,Défenseur central,Angleterre,gauche,55000000,sous contrat,2029-06-30,2022-07-01,Chelsea FC U21
Chelsea FC,Premier League,Pedro Neto,2000-03-09,Ailier droit,Portugal,gauche,50000000,sous contrat,2031-06-30,2024-08-11,Wolverhampton Wanderers
Chelsea FC,Premier League,João Pedro,2001-09-26,Avant-centre,Brésil,droit,50000000,sous contrat,2033-06-30,2025-07-02,Brighton & Hove Albion
Chelsea FC,Premier League,Jamie Gittens,2004-08-08,Ailier gauche,Angleterre,droit,50000000,sous contrat,2032-06-30,2025-07-05,Borussia Dortmund
Chelsea FC,Premier League,Nicolas Jackson,2001-06-20,Avant-centre,Sénégal,droit,50000000,sous contrat,2033-06-30,2023-07-01,Villarreal CF
Chelsea FC,Premier League,Noni Madueke,2002-03-10,Ailier droit,Angleterre,gauche,40000000,sous contrat,2030-06-30,2023-01-20,PSV Eindhoven
Chelsea FC,Premier League,Liam Delap,2003-02-08,Avant-centre,Angleterre,droit,40000000,sous contrat,2031-06-30,2025-06-04,Ipswich Town
Chelsea FC,Premier League,Roméo Lavia,2004-01-06,Milieu défensif,Belgique,droit,40000000,sous contrat,2030-06-30,2023-08-18,FC Southampton
Chelsea FC,Premier League,Marc Cucurella,1998-07-22,Arrière gauche,Espagne,gauche,35000000,sous contrat,2028-06-30,2022-08-05,Brighton & Hove Albion
Chelsea FC,Premier League,Christopher Nkunku,1997-11-14,Milieu offensif,France,droit,35000000,sous contrat,2029-06-30,2023-07-01,RB Leipzig
Chelsea FC,Premier League,Malo Gusto,2003-05-19,Arrière droit,France,droit,35000000,sous contrat,2030-06-30,2023-01-29,Olympique Lyonnais
Chelsea FC,Premier League,Andrey Santos,2004-05-03,Milieu central,Brésil,droit,35000000,sous contrat,2030-06-30,2023-01-01,Clube de Regatas Vasco da Gama
Chelsea FC,Premier League,Reece James,1999-12-08,Arrière droit,Angleterre,droit,30000000,sous contrat,2028-06-30,2019-07-01,Chelsea FC U23
Chelsea FC,Premier League,Trevoh Chalobah,1999-07-05,Défenseur central,Angleterre,droit,25000000,sous contrat,2028-06-30,2021-07-01,Chelsea FC U23
Chelsea FC,Premier League,Wesley Fofana,2000-12-17,Défenseur central,France,droit,25000000,sous contrat,2029-06-30,2022-08-31,Leicester City
Chelsea FC,Premier League,Renato Veiga,2003-07-29,Défenseur central,Portugal,gauche,25000000,sous contrat,2031-06-30,2024-07-12,FC Bâle 1893
Chelsea FC,Premier League,Axel Disasi,1998-03-11,Défenseur central,France,droit,22000000,sous contrat,2029-06-30,2023-08-04,AS Monaco
Chelsea FC,Premier League,Benoît Badiashile,2001-03-26,Défenseur central,France,gauche,22000000,sous contrat,2030-06-30,2023-01-05,AS Monaco
Chelsea FC,Premier League,Tosin Adarabioyo,1997-09-24,Défenseur central,Angleterre,droit,20000000,sous contrat,2028-06-30,2024-07-01,FC Fulham
Chelsea FC,Premier League,Robert Sánchez,1997-11-18,Gardien de but,Espagne,droit,20000000,sous contrat,2030-06-30,2023-08-05,Brighton & Hove Albion
Chelsea FC,Premier League,João Félix,1999-11-10,Deuxième attaquant,Portugal,droit,20000000,sous contrat,2031-06-30,2024-08-21,Atlético de Madrid
Chelsea FC,Premier League,Djordje Petrovic,1999-10-08,Gardien de but,Serbie,droit,20000000,sous contrat,2030-06-30,2023-08-26,New England Revolution
Chelsea FC,Premier League,Kiernan Dewsbury-Hall,1998-09-06,Milieu central,Angleterre,gauche,20000000,sous contrat,2029-06-30,2024-07-02,Leicester City
Chelsea FC,Premier League,Dário Essugo,2005-03-14,Milieu défensif,Portugal,droit,20000000,sous contrat,2033-06-30,2025-06-10,Sporting CP
Chelsea FC,Premier League,Mamadou Sarr,2005-08-29,Défenseur central,France,droit,20000000,sous contrat,2033-06-30,2025-06-09,RC Strasbourg Alsace
Chelsea FC,Premier League,Filip Jørgensen,2002-04-16,Gardien de but,Danemark,droit,18000000,sous contrat,2031-06-30,2024-07-30,Villarreal CF
Chelsea FC,Premier League,Carney Chukwuemeka,2003-10-20,Milieu central,Angleterre,droit,18000000,sous contrat,2028-06-30,2022-08-04,Aston Villa
Chelsea FC,Premier League,Lesley Ugochukwu,2004-03-26,Milieu défensif,France,droit,18000000,sous contrat,2030-06-30,2023-08-01,Stade Rennais FC
Chelsea FC,Premier League,Ben Chilwell,1996-12-21,Arrière gauche,Angleterre,gauche,15000000,sous contrat,2027-06-30,2020-08-26,Leicester City
Chelsea FC,Premier League,Armando Broja,2001-09-10,Avant-centre,Albanie,droit,12000000,sous contrat,2028-06-30,2022-07-01,Chelsea FC U21
Chelsea FC,Premier League,Mike Penders,2005-07-31,Gardien de but,Belgique,gauche,12000000,sous contrat,2032-06-30,2024-08-27,KRC Genk
Chelsea FC,Premier League,Raheem Sterling,1994-12-08,Ailier droit,Angleterre,droit,10000000,sous contrat,2027-06-30,2022-07-13,Manchester City
Chelsea FC,Premier League,Tyrique George,2006-02-04,Ailier gauche,Angleterre,droit,10000000,sous contrat,2027-06-30,2024-12-18,Chelsea FC U21
Chelsea FC,Premier League,Mathis Amougou,2006-01-18,Milieu central,France,droit,10000000,sous contrat,2033-06-30,2025-02-03,AS Saint-Étienne
Chelsea FC,Premier League,Kendry Páez,2007-05-04,Milieu offensif,Équateur,gauche,10000000,sous contrat,2033-06-30,2025-07-01,Independiente del Valle
Chelsea FC,Premier League,Caleb Wiley,2004-12-22,Arrière gauche,États-Unis,gauche,8000000,sous contrat,2030-06-30,2024-07-22,Atlanta United FC
Chelsea FC,Premier League,Alfie Gilchrist,2003-11-28,Arrière droit,Angleterre,droit,8000000,sous contrat,2026-06-30,2023-07-01,Chelsea FC U21
Chelsea FC,Premier League,Marc Guiu,2006-01-04,Avant-centre,Espagne,droit,8000000,sous contrat,2029-06-30,2024-07-01,FC Barcelone
Chelsea FC,Premier League,Josh Acheampong,2006-05-05,Arrière droit,Angleterre,droit,8000000,sous contrat,2029-06-30,2024-12-18,Chelsea FC U21
Chelsea FC,Premier League,Aarón Anselmino,2005-04-29,Défenseur central,Argentine,droit,8000000,sous contrat,2031-06-30,2024-08-08,CA Boca Juniors
Chelsea FC,Premier League,David Datro Fofana,2002-12-22,Avant-centre,Côte d'Ivoire,droit,6000000,sous contrat,2029-06-30,2023-01-01,Molde FK
Chelsea FC,Premier League,Gabriel Slonina,2004-05-15,Gardien de but,États-Unis,droit,3500000,sous contrat,2028-06-30,2022-08-02,Chicago Fire FC
Chelsea FC,Premier League,Mykhaylo Mudryk,2001-01-05,Ailier gauche,Ukraine,droit,,suspendu,2031-06-30,2023-01-15,Shakhtar Donetsk
FC Liverpool,Premier League,Florian Wirtz,2003-05-03,Milieu offensif,Allemagne,droit,140000000,sous contrat,,2025-07-01,Bayer 04 Leverkusen
FC Liverpool,Premier League,Alexis Mac Allister,1998-12-24,Milieu central,Argentine,droit,100000000,sous contrat,2028-06-30,2023-07-01,Brighton & Hove Albion
FC Liverpool,Premier League,Dominik Szoboszlai,2000-10-25,Milieu offensif,Hongrie,droit,80000000,sous contrat,2028-06-30,2023-07-02,RB Leipzig
FC Liverpool,Premier League,Ryan Gravenberch,2002-05-16,Milieu défensif,Pays-Bas,droit,75000000,sous contrat,2028-06-30,2023-09-01,Bayern Munich
FC Liverpool,Premier League,Cody Gakpo,1999-05-07,Ailier gauche,Pays-Bas,droit,70000000,sous contrat,2028-06-30,2023-01-01,PSV Eindhoven
FC Liverpool,Premier League,Luis Díaz,1997-01-13,Ailier gauche,Colombie,droit,70000000,sous contrat,2027-06-30,2022-01-30,FC Porto
FC Liverpool,Premier League,Ibrahima Konaté,1999-05-25,Défenseur central,France,droit,60000000,sous contrat,2026-06-30,2021-07-01,RB Leipzig
FC Liverpool,Premier League,Mohamed Salah,1992-06-15,Ailier droit,Égypte,gauche,50000000,sous contrat,2027-06-30,2017-07-01,AS Roma
FC Liverpool,Premier League,Jeremie Frimpong,2000-12-10,Arrière droit,Pays-Bas,droit,50000000,sous contrat,2030-06-30,2025-07-01,Bayer 04 Leverkusen
FC Liverpool,Premier League,Curtis Jones,2001-01-30,Milieu central,Angleterre,droit,45000000,sous contrat,2027-06-30,2020-07-01,FC Liverpool U23
FC Liverpool,Premier League,Darwin Núñez,1999-06-24,Avant-centre,Uruguay,droit,45000000,sous contrat,2028-06-30,2022-07-01,SL Benfica
FC Liverpool,Premier League,Milos Kerkez,2003-11-07,Arrière gauche,Hongrie,gauche,45000000,sous contrat,,2025-07-01,AFC Bournemouth
FC Liverpool,Premier League,Giorgi Mamardashvili,2000-09-29,Gardien de but,Géorgie,gauche,30000000,sous contrat,2031-06-30,2024-08-27,FC Valencia
FC Liverpool,Premier League,Harvey Elliott,2003-04-04,Milieu offensif,Angleterre,gauche,30000000,sous contrat,2027-06-30,2021-07-01,FC Liverpool U23
FC Liverpool,Premier League,Conor Bradley,2003-07-09,Arrière droit,Irlande du Nord,droit,30000000,sous contrat,2029-06-30,2023-07-01,FC Liverpool U21
FC Liverpool,Premier League,Virgil van Dijk,1991-07-08,Défenseur central,Pays-Bas,droit,23000000,sous contrat,2027-06-30,2018-01-01,FC Southampton
FC Liverpool,Premier League,Alisson,1992-10-02,Gardien de but,Brésil,droit,20000000,sous contrat,2027-06-30,2018-07-19,AS Roma
FC Liverpool,Premier League,Joe Gomez,1997-05-23,Défenseur central,Angleterre,droit,20000000,sous contrat,2027-06-30,2015-07-01,Charlton Athletic
FC Liverpool,Premier League,Andrew Robertson,1994-03-11,Arrière gauche,Écosse,gauche,18000000,sous contrat,2026-06-30,2017-07-21,Hull City
FC Liverpool,Premier League,Konstantinos Tsimikas,1996-05-12,Arrière gauche,Grèce,gauche,18000000,sous contrat,2027-06-30,2020-08-10,Olympiakós Le Pirée
FC Liverpool,Premier League,Federico Chiesa,1997-10-25,Ailier droit,Italie,droit,14000000,sous contrat,2028-06-30,2024-08-29,Juventus Turin
FC Liverpool,Premier League,Ben Doak,2005-11-11,Ailier droit,Écosse,droit,14000000,sous contrat,,2023-07-01,FC Liverpool U18
FC Liverpool,Premier League,Stefan Bajcetic,2004-10-22,Milieu défensif,Espagne,droit,9000000,sous contrat,2027-06-30,2022-07-01,FC Liverpool U18
FC Liverpool,Premier League,Wataru Endo,1993-02-09,Milieu défensif,Japon,droit,8000000,sous contrat,2027-06-30,2023-08-18,VfB Stuttgart
FC Liverpool,Premier League,Tyler Morton,2002-10-31,Milieu défensif,Angleterre,droit,7000000,sous contrat,,2024-07-01,FC Liverpool U21
FC Liverpool,Premier League,Freddie Woodman,1997-03-04,Gardien de but,Angleterre,droit,3500000,sous contrat,,2025-07-01,Preston North End
FC Liverpool,Premier League,Calvin Ramsay,2003-07-31,Arrière droit,Écosse,droit,2500000,sous contrat,2027-06-30,2022-07-01,Aberdeen FC
FC Liverpool,Premier League,Ármin Pécsi,2005-02-24,Gardien de but,Hongrie,droit,800000,sous contrat,2030-06-30,2025-07-01,Puskás Akadémia FC
FC Liverpool,Premier League,Rhys Williams,2001-02-03,Défenseur central,Angleterre,droit,700000,sous contrat,2026-06-30,2020-07-01,FC Liverpool U23
FC Porto,Liga Portugal,Samu Aghehowa,2004-05-05,Avant-centre,Nigeria,droit,50000000,sous contrat,2029-06-30,2024-08-23,Atlético de Madrid
FC Porto,Liga Portugal,Diogo Costa,1999-09-19,Gardien de but,Suisse,droit,40000000,sous contrat,2027-06-30,2019-07-01,FC Porto B
FC Porto,Liga Portugal,Rodrigo Mora,2007-05-05,Milieu offensif,Portugal,droit,40000000,sous contrat,2030-06-30,2024-07-01,FC Porto B
FC Porto,Liga Portugal,Alan Varela,2001-07-04,Milieu défensif,Argentine,droit,32000000,sous contrat,2030-06-30,2023-08-16,CA Boca Juniors
FC Porto,Liga Portugal,Pepê,1997-02-24,Ailier droit,Italie,droit,22000000,sous contrat,2027-06-30,2021-07-01,Grêmio Porto Alegre
FC Porto,Liga Portugal,Gabri Veiga,2002-05-27,Milieu offensif,Espagne,droit,18000000,sous contrat,2030-06-30,2025-06-05,Al-Ahli SFC
FC Porto,Liga Portugal,Francisco Moura,1999-08-16,Arrière gauche,Portugal,gauche,15000000,sous contrat,2029-06-30,2024-09-02,FC Famalicão
FC Porto,Liga Portugal,Nehuén Pérez,2000-06-24,Défenseur central,Argentine,droit,13000000,sous contrat,2029-06-30,2025-07-01,Udinese Calcio
FC Porto,Liga Portugal,Martim Fernandes,2006-01-18,Arrière droit,Portugal,droit,12000000,sous contrat,2028-06-30,2024-04-17,FC Porto B
FC Porto,Liga Portugal,Stephen Eustaquio,1996-12-21,Milieu central,Canada,droit,10000000,sous contrat,2027-06-30,2022-07-01,FC Paços de Ferreira
FC Porto,Liga Portugal,João Mário,2000-01-03,Arrière droit,Portugal,droit,10000000,sous contrat,2027-06-30,2020-09-01,FC Porto B
FC Porto,Liga Portugal,Otávio,2002-04-21,Défenseur central,Brésil,gauche,10000000,sous contrat,2028-06-30,2024-01-31,FC Famalicão
FC Porto,Liga Portugal,William Gomes,2006-03-15,Ailier gauche,Brésil,gauche,9000000,sous contrat,2029-06-30,2025-01-31,FC São Paulo
FC Porto,Liga Portugal,Gonçalo Borges,2001-03-29,Ailier droit,Portugal,droit,5000000,sous contrat,2027-06-30,2023-07-01,FC Porto B
FC Porto,Liga Portugal,Iván Jaime,2000-09-26,Milieu offensif,Espagne,droit,5000000,sous contrat,2028-06-30,2023-08-31,FC Famalicão
FC Porto,Liga Portugal,Marko Grujić,1996-04-13,Milieu défensif,Serbie,droit,4000000,sous contrat,2026-06-30,2022-07-01,FC Liverpool
FC Porto,Liga Portugal,Danny Namaso,2000-08-28,Avant-centre,Angleterre,droit,4000000,sous contrat,2028-06-30,2022-07-01,FC Porto B
FC Porto,Liga Portugal,Zé Pedro,1997-06-06,Défenseur central,Portugal,droit,4000000,sous contrat,2027-06-30,2023-12-21,FC Porto B
FC Porto,Liga Portugal,Vasco Sousa,2003-04-03,Milieu central,Portugal,droit,4000000,sous contrat,2027-06-30,2024-07-01,FC Porto B
FC Porto,Liga Portugal,Deniz Gül,2004-07-02,Avant-centre,Suède,droit,4000000,sous contrat,2029-06-30,2024-08-24,Hammarby IF
FC Porto,Liga Portugal,Fábio Cardoso,1994-04-19,Défenseur central,Portugal,droit,3000000,sous contrat,2026-06-30,2021-07-01,CD Santa Clara
FC Porto,Liga Portugal,Tomás Pérez,2005-08-26,Milieu central,Argentine,droit,3000000,sous contrat,2029-06-30,2025-02-03,CA Newell's Old Boys
FC Porto,Liga Portugal,André Franco,1998-04-12,Milieu offensif,Portugal,gauche,2500000,sous contrat,2027-06-30,2022-08-04,GD Estoril Praia
FC Porto,Liga Portugal,Zaidu,1997-06-13,Arrière gauche,Nigeria,gauche,2000000,sous contrat,2027-06-30,2020-08-30,CD Santa Clara
FC Porto,Liga Portugal,Cláudio Ramos,1991-11-16,Gardien de but,Portugal,droit,1200000,sous contrat,2027-06-30,2020-08-14,CD Tondela
FC Porto,Liga Portugal,Romário Baró,2000-01-25,Milieu central,Guinée-Bissau,droit,1200000,sous contrat,2026-06-30,2019-07-01,FC Porto B
FC Porto,Liga Portugal,Samuel Portugal,1994-03-29,Gardien de but,Brésil,droit,1000000,sous contrat,2027-06-30,2022-09-01,Portimonense SAD
Juventus Turin,Serie A,Bremer,1997-03-18,Défenseur central,Brésil,droit,50000000,sous contrat,2029-06-30,2022-07-20,Torino FC
Juventus Turin,Serie A,Kenan Yıldız,2005-05-04,Ailier gauche,Turquie,ambidextre,50000000,sous contrat,2029-06-30,2023-11-07,Juventus Next Gen
Juventus Turin,Serie A,Jonathan David,2000-01-14,Avant-centre,Canada,ambidextre,45000000,sous contrat,2030-06-30,2025-07-04,LOSC Lille
Juventus Turin,Serie A,Khéphren Thuram,2001-03-26,Milieu central,France,droit,40000000,sous contrat,2029-06-30,2024-07-10,OGC Nice
Juventus Turin,Serie A,Dušan Vlahović,2000-01-28,Avant-centre,Serbie,gauche,35000000,sous contrat,2026-06-30,2022-01-28,ACF Fiorentina
Juventus Turin,Serie A,Teun Koopmeiners,1998-02-28,Milieu offensif,Pays-Bas,gauche,35000000,sous contrat,2029-06-30,2024-08-28,Atalanta BC
Juventus Turin,Serie A,Andrea Cambiaso,2000-02-20,Arrière gauche,Italie,ambidextre,35000000,sous contrat,2029-06-30,2022-07-14,Genoa CFC
Juventus Turin,Serie A,Manuel Locatelli,1998-01-08,Milieu défensif,Italie,droit,30000000,sous contrat,2028-06-30,2023-07-01,US Sassuolo
Juventus Turin,Serie A,Douglas Luiz,1998-05-09,Milieu central,Brésil,droit,30000000,sous contrat,2029-06-30,2024-07-01,Aston Villa
Juventus Turin,Serie A,Randal Kolo Muani,1998-12-05,Avant-centre,France,droit,30000000,sous contrat,2025-07-15,2025-01-23,Paris Saint-Germain
Juventus Turin,Serie A,Francisco Conceição,2002-12-14,Ailier droit,Portugal,gauche,28000000,sous contrat,2025-07-15,2024-08-27,FC Porto
Juventus Turin,Serie A,Pierre Kalulu,2000-06-05,Défenseur central,France,droit,28000000,sous contrat,2029-06-30,2025-07-01,AC Milan
Juventus Turin,Serie A,Nico González,1998-04-06,Ailier droit,Argentine,gauche,24000000,sous contrat,2029-06-30,2025-07-01,ACF Fiorentina
Juventus Turin,Serie A,Federico Gatti,1998-06-24,Défenseur central,Italie,droit,24000000,sous contrat,2028-06-30,2022-01-31,Frosinone Calcio
Juventus Turin,Serie A,Weston McKennie,1998-08-28,Milieu central,États-Unis,droit,22000000,sous contrat,2026-06-30,2021-07-01,FC Schalke 04
Juventus Turin,Serie A,Michele Di Gregorio,1997-07-27,Gardien de but,Italie,droit,18000000,sous contrat,2029-06-30,2025-07-01,AC Monza
Juventus Turin,Serie A,Timothy Weah,2000-02-22,Ailier droit,États-Unis,droit,17000000,sous contrat,2028-06-30,2023-07-01,LOSC Lille
Juventus Turin,Serie A,Lloyd Kelly,1998-10-06,Défenseur central,Angleterre,gauche,16000000,sous contrat,2029-06-30,2025-07-01,Newcastle United
Juventus Turin,Serie A,Fabio Miretti,2003-08-03,Milieu central,Italie,droit,14000000,sous contrat,2028-06-30,2022-07-01,Juventus Next Gen
Juventus Turin,Serie A,Samuel Mbangula,2004-01-16,Ailier gauche,Belgique,droit,14000000,sous contrat,2028-06-30,2024-08-29,Juventus Next Gen
Juventus Turin,Serie A,Nicolò Savona,2003-03-19,Arrière droit,Italie,droit,12000000,sous contrat,2030-06-30,2024-08-08,Juventus Next Gen
Juventus Turin,Serie A,Alberto Costa,2003-09-29,Arrière droit,Portugal,droit,10000000,sous contrat,2029-06-30,2025-01-15,Vitória Guimarães SC
Juventus Turin,Serie A,Juan Cabal,2001-01-08,Arrière gauche,Colombie,gauche,9000000,sous contrat,2029-06-30,2024-07-18,Hellas Verona
Juventus Turin,Serie A,Tiago Djaló,2000-04-09,Défenseur central,Portugal,droit,8000000,sous contrat,2026-06-30,2024-01-22,LOSC Lille
Juventus Turin,Serie A,Filip Kostić,1992-11-01,Milieu gauche,Serbie,gauche,5000000,sous contrat,2026-06-30,2022-08-12,Eintracht Francfort
Juventus Turin,Serie A,Arthur Melo,1996-08-12,Milieu défensif,Brésil,droit,5000000,sous contrat,2027-06-30,2020-09-01,FC Barcelone
Juventus Turin,Serie A,Vasilije Adžić,2006-05-12,Milieu offensif,Monténégro,droit,4000000,sous contrat,2029-06-30,2024-07-01,Buducnost Podgorica
Juventus Turin,Serie A,Daniele Rugani,1994-07-29,Défenseur central,Italie,droit,3000000,sous contrat,2026-06-30,2013-07-31,FC Empoli
Juventus Turin,Serie A,Facundo González,2003-06-06,Défenseur central,Uruguay,gauche,3000000,sous contrat,2026-06-30,2023-08-08,Valencia Mestalla
Juventus Turin,Serie A,Mattia Perin,1992-11-10,Gardien de but,Italie,droit,2500000,sous contrat,2027-06-30,2018-07-01,Genoa CFC
Juventus Turin,Serie A,Arkadiusz Milik,1994-02-28,Avant-centre,Pologne,gauche,2000000,sous contrat,2027-06-30,2023-07-01,Olympique de Marseille
Juventus Turin,Serie A,Jonas Rouhi,2004-01-07,Arrière gauche,Suède,gauche,2000000,sous contrat,2028-06-30,2024-08-09,Juventus Next Gen
Juventus Turin,Serie A,Stefano Gori,1996-03-09,Gardien de but,Italie,droit,400000,sous contrat,2025-06-30,2020-09-01,AC Pisa 1909
Juventus Turin,Serie A,Carlo Pinsoglio,1990-03-16,Gardien de but,Italie,gauche,200000,sous contrat,2026-06-30,2014-07-01,Vicenza Calcio
Manchester United,Premier League,Matheus Cunha,1999-05-27,Deuxième attaquant,Brésil,droit,60000000,sous contrat,2030-06-30,2025-07-01,Wolverhampton Wanderers
Manchester United,Premier League,Leny Yoro,2005-11-13,Défenseur central,France,droit,55000000,sous contrat,2029-06-30,2024-07-18,LOSC Lille
Manchester United,Premier League,Bruno Fernandes,1994-09-08,Milieu offensif,Portugal,droit,50000000,sous contrat,2027-06-30,2020-01-29,Sporting CP
Manchester United,Premier League,Marcus Rashford,1997-10-31,Ailier gauche,Angleterre,droit,50000000,sous contrat,2028-06-30,2016-01-01,Manchester United U18
Manchester United,Premier League,Kobbie Mainoo,2005-04-19,Milieu central,Angleterre,droit,50000000,sous contrat,2027-06-30,2023-01-01,Manchester United U21
Manchester United,Premier League,Manuel Ugarte,2001-04-11,Milieu défensif,Uruguay,droit,45000000,sous contrat,2029-06-30,2024-08-30,Paris Saint-Germain
Manchester United,Premier League,Amad Diallo,2002-07-11,Ailier droit,Côte d'Ivoire,gauche,45000000,sous contrat,2030-06-30,2021-01-02,Atalanta BC
Manchester United,Premier League,Alejandro Garnacho,2004-07-01,Milieu offensif,Argentine,droit,45000000,sous contrat,2028-06-30,2022-07-01,Manchester United U21
Manchester United,Premier League,Lisandro Martínez,1998-01-18,Défenseur central,Argentine,gauche,40000000,sous contrat,2027-06-30,2022-07-27,Ajax Amsterdam
Manchester United,Premier League,Matthijs de Ligt,1999-08-12,Défenseur central,Pays-Bas,droit,38000000,sous contrat,2029-06-30,2024-08-13,Bayern Munich
Manchester United,Premier League,Antony,2000-02-24,Ailier droit,Brésil,gauche,35000000,sous contrat,2027-06-30,2022-08-30,Ajax Amsterdam
Manchester United,Premier League,Rasmus Højlund,2003-02-04,Avant-centre,Danemark,gauche,35000000,sous contrat,2028-06-30,2023-08-05,Atalanta BC
Manchester United,Premier League,Diogo Dalot,1999-03-18,Arrière droit,Portugal,droit,30000000,sous contrat,2028-06-30,2018-07-01,FC Porto
Manchester United,Premier League,Joshua Zirkzee,2001-05-22,Avant-centre,Pays-Bas,droit,30000000,sous contrat,2029-06-30,2024-07-14,FC Bologna
Manchester United,Premier League,Mason Mount,1999-01-10,Milieu offensif,Angleterre,droit,28000000,sous contrat,2028-06-30,2023-07-05,Chelsea FC
Manchester United,Premier League,Jadon Sancho,2000-03-25,Ailier gauche,Angleterre,droit,28000000,sous contrat,2026-06-30,2021-07-23,Borussia Dortmund
Manchester United,Premier League,André Onana,1996-04-02,Gardien de but,Cameroun,droit,25000000,sous contrat,2028-06-30,2023-07-20,Inter Milan
Manchester United,Premier League,Noussair Mazraoui,1997-11-14,Arrière droit,Maroc,droit,25000000,sous contrat,2028-06-30,2024-08-13,Bayern Munich
Manchester United,Premier League,Patrick Dorgu,2004-10-26,Milieu gauche,Danemark,gauche,25000000,sous contrat,2030-06-30,2025-02-02,US Lecce
Manchester United,Premier League,Harry Maguire,1993-03-05,Défenseur central,Angleterre,droit,13000000,sous contrat,2026-06-30,2019-08-05,Leicester City
Manchester United,Premier League,Luke Shaw,1995-07-12,Arrière gauche,Angleterre,gauche,12000000,sous contrat,2027-06-30,2014-07-01,FC Southampton
Manchester United,Premier League,Casemiro,1992-02-23,Milieu défensif,Brésil,droit,10000000,sous contrat,2026-06-30,2022-08-22,Real Madrid
Manchester United,Premier League,Altay Bayındır,1998-04-14,Gardien de but,Turquie,droit,8000000,sous contrat,2027-06-30,2023-09-01,Fenerbahce
Manchester United,Premier League,Tyrell Malacia,1999-08-17,Arrière gauche,Pays-Bas,gauche,8000000,sous contrat,2026-06-30,2022-07-05,Feyenoord Rotterdam
Manchester United,Premier League,Toby Collyer,2004-01-03,Milieu défensif,Angleterre,droit,5000000,sous contrat,2027-06-30,2024-07-01,Manchester United U21
Manchester United,Premier League,Harry Amass,2007-03-16,Arrière gauche,Angleterre,gauche,5000000,sous contrat,2027-06-30,2024-07-01,Manchester United U18
Manchester United,Premier League,Chido Obi,2007-11-29,Avant-centre,Danemark,droit,5000000,sous contrat,,2025-07-01,Manchester United U18
Manchester United,Premier League,Ayden Heaven,2006-09-22,Défenseur central,Angleterre,gauche,5000000,sous contrat,2029-06-30,2025-02-01,Arsenal FC U21
Manchester United,Premier League,Diego León,2007-04-03,Arrière gauche,Paraguay,gauche,4000000,sous contrat,,2025-07-05,Club Cerro Porteño
Manchester United,Premier League,Tyler Fredricson,2005-02-23,Défenseur central,Angleterre,droit,3000000,sous contrat,,2025-07-01,Manchester United U21
Manchester United,Premier League,Daniel Gore,2004-09-26,Milieu central,Angleterre,droit,800000,sous contrat,2026-06-30,2023-07-01,Manchester United U21
Manchester United,Premier League,Tom Heaton,1986-04-15,Gardien de but,Angleterre,droit,200000,sous contrat,2026-06-30,2021-07-02,Aston Villa
Manchester United,Premier League,Ethan Wheatley,2006-01-20,Avant-centre,Angleterre,,,sous contrat,2028-06-30,2024-07-01,Manchester United U18
SL Benfica,Liga Portugal,Vangelis Pavlidis,1998-11-21,Avant-centre,Grèce,ambidextre,35000000,sous contrat,2029-06-30,2024-07-01,AZ Alkmaar
SL Benfica,Liga Portugal,Álvaro Carreras,2003-03-23,Arrière gauche,Espagne,gauche,35000000,sous contrat,2029-06-30,2024-07-01,Manchester United
SL Benfica,Liga Portugal,Tomás Araújo,2002-05-16,Défenseur central,Portugal,droit,32000000,sous contrat,2029-06-30,2022-07-01,SL Benfica B
SL Benfica,Liga Portugal,António Silva,2003-10-30,Défenseur central,Portugal,droit,32000000,sous contrat,2027-06-30,2022-07-01,SL Benfica U23
SL Benfica,Liga Portugal,Orkun Kökçü,2000-12-29,Milieu central,Turquie,droit,30000000,sous contrat,2028-06-30,2023-07-01,Feyenoord Rotterdam
SL Benfica,Liga Portugal,Anatoliy Trubin,2001-08-01,Gardien de but,Ukraine,droit,28000000,sous contrat,2028-06-30,2023-08-10,Shakhtar Donetsk
SL Benfica,Liga Portugal,Kerem Aktürkoğlu,1998-10-21,Ailier gauche,Turquie,droit,24000000,sous contrat,2029-06-30,2024-09-03,Galatasaray
SL Benfica,Liga Portugal,Florentino,1999-08-19,Milieu défensif,Portugal,droit,22000000,sous contrat,2027-06-30,2019-01-01,SL Benfica B
SL Benfica,Liga Portugal,Fredrik Aursnes,1995-12-10,Milieu central,Norvège,droit,20000000,sous contrat,2029-06-30,2022-08-24,Feyenoord Rotterdam
SL Benfica,Liga Portugal,Leandro Barreiro,2000-01-03,Milieu central,Luxembourg,droit,15000000,sous contrat,2029-06-30,2024-07-02,1.FSV Mainz 05
SL Benfica,Liga Portugal,Andreas Schjelderup,2004-06-01,Ailier gauche,Norvège,droit,15000000,sous contrat,2028-06-30,2023-01-12,FC Nordsjaelland
SL Benfica,Liga Portugal,Alexander Bah,1997-12-09,Arrière droit,Danemark,droit,10000000,sous contrat,2029-06-30,2022-07-01,SK Slavia Prague
SL Benfica,Liga Portugal,Manu Silva,2001-06-12,Milieu défensif,Portugal,droit,10000000,sous contrat,2030-06-30,2025-01-20,Vitória Guimarães SC
SL Benfica,Liga Portugal,Gianluca Prestianni,2006-01-31,Ailier droit,Argentine,droit,8000000,sous contrat,2029-06-30,2024-01-31,CA Vélez Sarsfield
SL Benfica,Liga Portugal,Bruma,1994-10-24,Ailier gauche,Portugal,droit,7000000,sous contrat,2028-06-30,2025-02-03,SC Braga
SL Benfica,Liga Portugal,Samuel Dahl,2003-03-04,Arrière gauche,Suède,gauche,7000000,sous contrat,2029-06-30,2025-07-01,AS Roma
SL Benfica,Liga Portugal,Casper Tengstedt,2000-06-01,Avant-centre,Danemark,droit,6000000,sous contrat,2028-06-30,2023-01-11,Rosenborg BK
SL Benfica,Liga Portugal,Tiago Gouveia,2001-06-18,Ailier droit,Portugal,droit,4000000,sous contrat,2028-06-30,2022-04-01,SL Benfica B
SL Benfica,Liga Portugal,Samuel Soares,2002-06-15,Gardien de but,Portugal,droit,4000000,sous contrat,2027-06-30,2023-01-01,SL Benfica B
SL Benfica,Liga Portugal,João Rego,2005-06-20,Milieu offensif,Portugal,droit,3000000,sous contrat,2028-06-30,2025-01-01,SL Benfica B
SL Benfica,Liga Portugal,Martim Neto,2003-01-14,Milieu central,Portugal,droit,2000000,sous contrat,2028-06-30,2024-07-01,SL Benfica B
SL Benfica,Liga Portugal,Henrique Araújo,2002-01-19,Avant-centre,Portugal,droit,2000000,sous contrat,2027-06-30,2022-07-01,SL Benfica B
SL Benfica,Liga Portugal,Adrian Bajrami,2002-04-05,Défenseur central,Albanie,gauche,1000000,sous contrat,2029-06-30,2025-01-01,SL Benfica B
SL Benfica,Liga Portugal,Nicolás Otamendi,1988-02-12,Défenseur central,Argentine,droit,1000000,sous contrat,2026-06-30,2020-09-29,Manchester City
SL Benfica,Liga Portugal,Leandro Santos,2005-09-28,Arrière droit,Portugal,droit,1000000,sous contrat,,2025-01-01,SL Benfica B
Sporting CP,Liga Portugal,Viktor Gyökeres,1998-06-04,Avant-centre,Suède,droit,75000000,sous contrat,2028-06-30,2023-07-13,Coventry City
Sporting CP,Liga Portugal,Morten Hjulmand,1999-06-25,Milieu défensif,Danemark,droit,50000000,sous contrat,2028-06-30,2023-08-13,US Lecce
Sporting CP,Liga Portugal,Gonçalo Inácio,2001-08-25,Défenseur central,Portugal,gauche,45000000,sous contrat,2027-06-30,2020-07-01,Sporting CP U23
Sporting CP,Liga Portugal,Ousmane Diomande,2003-12-04,Défenseur central,Côte d'Ivoire,droit,45000000,sous contrat,2027-06-30,2023-01-31,FC Midtjylland
Sporting CP,Liga Portugal,Geovany Quenda,2007-04-30,Ailier gauche,Portugal,gauche,45000000,sous contrat,2027-06-30,2024-07-01,Sporting CP U23
Sporting CP,Liga Portugal,Francisco Trincão,1999-12-29,Ailier droit,Portugal,gauche,35000000,sous contrat,2027-06-30,2023-07-01,FC Barcelone
Sporting CP,Liga Portugal,Pedro Gonçalves,1998-06-28,Ailier gauche,Portugal,droit,30000000,sous contrat,2027-06-30,2020-08-18,FC Famalicão
Sporting CP,Liga Portugal,Zeno Debast,2003-10-24,Défenseur central,Belgique,droit,30000000,sous contrat,2029-06-30,2024-07-04,RSC Anderlecht
Sporting CP,Liga Portugal,Conrad Harder,2005-04-07,Avant-centre,Danemark,gauche,24000000,sous contrat,2029-06-30,2024-09-02,FC Nordsjaelland
Sporting CP,Liga Portugal,Eduardo Quaresma,2002-03-02,Défenseur central,Portugal,droit,18000000,sous contrat,2028-06-30,2020-03-01,Sporting CP U23
Sporting CP,Liga Portugal,Maxi Araújo,2000-02-15,Milieu gauche,Uruguay,gauche,17000000,sous contrat,2029-06-30,2024-08-27,Deportivo Toluca
Sporting CP,Liga Portugal,Geny Catamo,2001-01-26,Ailier droit,Mozambique,gauche,15000000,sous contrat,2028-06-30,2023-07-01,Sporting CP B
Sporting CP,Liga Portugal,Hidemasa Morita,1995-05-10,Milieu central,Japon,droit,13000000,sous contrat,2026-06-30,2022-07-01,CD Santa Clara
Sporting CP,Liga Portugal,Daniel Bragança,1999-05-27,Milieu central,Portugal,gauche,12000000,sous contrat,2027-06-30,2020-08-03,Sporting CP U23
Sporting CP,Liga Portugal,Nuno Santos,1995-02-13,Arrière gauche,Portugal,gauche,9000000,sous contrat,2027-06-30,2020-08-21,Rio Ave FC
Sporting CP,Liga Portugal,Iván Fresneda,2004-09-28,Arrière droit,Espagne,droit,8000000,sous contrat,2028-06-30,2023-08-30,Real Valladolid
Sporting CP,Liga Portugal,Rui Silva,1994-02-07,Gardien de but,Portugal,gauche,7000000,sous contrat,2028-06-30,2025-07-01,Real Betis Balompié
Sporting CP,Liga Portugal,Jeremiah St. Juste,1996-10-19,Défenseur central,Pays-Bas,droit,6000000,sous contrat,2026-06-30,2022-07-01,1.FSV Mainz 05
Sporting CP,Liga Portugal,Matheus Reis,1995-02-18,Arrière gauche,Brésil,gauche,6000000,sous contrat,2026-06-30,2021-07-01,Rio Ave FC
Sporting CP,Liga Portugal,João Simões,2007-01-06,Milieu central,Portugal,gauche,6000000,sous contrat,2030-06-30,2024-11-01,Sporting CP B
Sporting CP,Liga Portugal,Giorgi Kochorashvili,1999-06-29,Milieu défensif,Géorgie,droit,5000000,sous contrat,2030-06-30,2025-07-01,UD Levante
Sporting CP,Liga Portugal,Franco Israel,2000-04-22,Gardien de but,Uruguay,droit,5000000,sous contrat,2027-06-30,2022-07-05,Juventus Next Gen
Sporting CP,Liga Portugal,Biel,2001-04-01,Ailier gauche,Brésil,droit,5000000,sous contrat,2029-06-30,2025-02-03,Esporte Clube Bahia
Sporting CP,Liga Portugal,Eduardo Felicíssimo,2007-01-08,Milieu défensif,Portugal,droit,3000000,sous contrat,2026-06-30,2025-02-01,Sporting CP B
Sporting CP,Liga Portugal,Rodrigo Ribeiro,2005-04-28,Avant-centre,Portugal,droit,2500000,sous contrat,2028-06-30,2023-07-01,Sporting CP B
Sporting CP,Liga Portugal,Ricardo Esgaio,1993-05-16,Arrière droit,Portugal,droit,1500000,sous contrat,2026-06-30,2021-07-03,SC Braga
Sporting CP,Liga Portugal,Alisson Santos,2002-09-27,Ailier droit,Brésil,droit,1500000,sous contrat,2030-06-30,2025-07-01,Esporte Clube Vitória
Sporting CP,Liga Portugal,Mateo Tanlongo,2003-08-12,Milieu défensif,Argentine,droit,1300000,sous contrat,2027-06-30,2023-01-05,CA Rosario Central
SSC Napoli,Serie A,Victor Osimhen,1998-12-29,Avant-centre,Nigeria,droit,70000000,sous contrat,2026-06-30,2020-09-01,LOSC Lille
SSC Napoli,Serie A,Scott McTominay,1996-12-08,Milieu central,Écosse,droit,50000000,sous contrat,2028-06-30,2024-08-30,Manchester United
SSC Napoli,Serie A,Alessandro Buongiorno,1999-06-06,Défenseur central,Italie,gauche,50000000,sous contrat,2029-06-30,2024-07-13,Torino FC
SSC Napoli,Serie A,David Neres,1997-03-03,Ailier droit,Brésil,gauche,30000000,sous contrat,2028-06-30,2024-08-21,SL Benfica
SSC Napoli,Serie A,Frank Anguissa,1995-11-16,Milieu central,Cameroun,droit,27000000,sous contrat,2027-06-30,2022-07-01,FC Fulham
SSC Napoli,Serie A,Stanislav Lobotka,1994-11-25,Milieu défensif,Slovaquie,droit,25000000,sous contrat,2027-06-30,2020-01-15,Celta Vigo
SSC Napoli,Serie A,Giacomo Raspadori,2000-02-18,Deuxième attaquant,Italie,droit,25000000,sous contrat,2028-06-30,2023-07-01,US Sassuolo
SSC Napoli,Serie A,Romelu Lukaku,1993-05-13,Avant-centre,Belgique,gauche,22000000,sous contrat,2027-06-30,2024-08-29,Chelsea FC
SSC Napoli,Serie A,Kevin De Bruyne,1991-06-28,Milieu offensif,Belgique,droit,20000000,sous contrat,2027-06-30,2025-07-01,Manchester City
SSC Napoli,Serie A,Mathías Olivera,1997-10-31,Arrière gauche,Uruguay,gauche,20000000,sous contrat,2030-06-30,2022-07-01,FC Getafe
SSC Napoli,Serie A,Billy Gilmour,2001-06-11,Milieu défensif,Écosse,droit,20000000,sous contrat,2029-06-30,2024-08-30,Brighton & Hove Albion
SSC Napoli,Serie A,Alex Meret,1997-03-22,Gardien de but,Italie,gauche,18000000,sous contrat,2027-06-30,2019-07-01,Udinese Calcio
SSC Napoli,Serie A,Jesper Lindstrøm,2000-02-29,Ailier droit,Danemark,droit,18000000,sous contrat,2028-06-30,2023-08-29,Eintracht Francfort
SSC Napoli,Serie A,Giovanni Di Lorenzo,1993-08-04,Arrière droit,Italie,droit,12000000,sous contrat,2028-06-30,2019-07-01,FC Empoli
SSC Napoli,Serie A,Amir Rrahmani,1994-02-24,Défenseur central,Kosovo,droit,12000000,sous contrat,2027-06-30,2020-01-20,Hellas Verona
SSC Napoli,Serie A,Jens Cajuste,1999-08-10,Milieu défensif,Suède,droit,12000000,sous contrat,2028-06-30,2023-08-10,Stade de Reims
SSC Napoli,Serie A,Matteo Politano,1993-08-03,Ailier droit,Italie,gauche,10000000,sous contrat,2027-06-30,2021-07-01,Inter Milan
SSC Napoli,Serie A,Cyril Ngonge,2000-05-26,Ailier droit,Belgique,gauche,8000000,sous contrat,2028-06-30,2024-01-19,Hellas Verona
SSC Napoli,Serie A,Luca Marianucci,2004-07-23,Défenseur central,Italie,droit,7500000,sous contrat,2030-06-30,2025-07-01,FC Empoli
SSC Napoli,Serie A,Michael Folorunsho,1998-02-07,Milieu central,Italie,droit,6000000,sous contrat,2029-06-30,2019-07-13,Virtus Francavilla Calcio
SSC Napoli,Serie A,Alessandro Zanoli,2000-10-03,Arrière droit,Italie,droit,6000000,sous contrat,2028-06-30,2020-09-01,Napoli Primavera
SSC Napoli,Serie A,Giovanni Simeone,1995-07-05,Avant-centre,Argentine,droit,5000000,sous contrat,2026-06-30,2023-07-01,Hellas Verona
SSC Napoli,Serie A,Alessio Zerbin,1999-03-03,Ailier gauche,Italie,droit,4000000,sous contrat,2028-06-30,2018-07-01,Napoli Primavera
SSC Napoli,Serie A,Leonardo Spinazzola,1993-03-25,Arrière gauche,Italie,droit,3500000,sous contrat,2026-06-30,2024-07-10,AS Roma
SSC Napoli,Serie A,Pasquale Mazzocchi,1995-07-27,Arrière droit,Italie,droit,2500000,sous contrat,2027-06-30,2024-01-05,US Salernitana 1919
SSC Napoli,Serie A,Walid Cheddira,1998-01-22,Avant-centre,Maroc,droit,2500000,sous contrat,2028-06-30,2023-08-20,SSC Bari
SSC Napoli,Serie A,Giuseppe Ambrosino,2003-09-10,Avant-centre,Italie,droit,2500000,sous contrat,2026-06-30,2022-07-01,Napoli Primavera
SSC Napoli,Serie A,Antonio Vergara,2003-01-16,Milieu offensif,Italie,gauche,2200000,sous contrat,2027-06-30,,
SSC Napoli,Serie A,Juan Jesus,1991-06-10,Défenseur central,Brésil,gauche,1500000,sous contrat,2026-06-30,2021-08-18,AS Roma
SSC Napoli,Serie A,Luis Hasa,2004-01-06,Milieu central,Italie,droit,1000000,sous contrat,2029-06-30,2025-01-08,US Lecce
SSC Napoli,Serie A,Nosa Edward Obaretin,2003-01-26,Défenseur central,Italie,gauche,650000,sous contrat,2027-06-30,2023-07-01,Napoli Primavera
Atlético de Madrid,LaLiga,Julián Alvarez,2000-01-31,Avant-centre,Argentine,droit,100000000,sous contrat,2030-06-30,2024-08-12,Manchester City
Atlético de Madrid,LaLiga,Álex Baena,2001-07-20,Ailier gauche,Espagne,droit,55000000,sous contrat,2030-06-30,2025-07-02,Villarreal CF
Atlético de Madrid,LaLiga,Pablo Barrios,2003-06-15,Milieu central,Espagne,droit,55000000,sous contrat,2030-06-30,2023-01-23,Atlético Madrileño
Atlético de Madrid,LaLiga,Robin Le Normand,1996-11-11,Défenseur central,Espagne,droit,40000000,sous contrat,2029-06-30,2024-07-27,Real Sociedad
Atlético de Madrid,LaLiga,Conor Gallagher,2000-02-06,Milieu central,Angleterre,droit,40000000,sous contrat,2029-06-30,2024-08-21,Chelsea FC
Atlético de Madrid,LaLiga,Giuliano Simeone,2002-12-18,Ailier droit,Argentine,droit,35000000,sous contrat,2028-06-30,2022-07-01,Atlético Madrileño
Atlético de Madrid,LaLiga,Alexander Sørloth,1995-12-05,Avant-centre,Norvège,gauche,25000000,sous contrat,2028-06-30,2024-08-03,Villarreal CF
Atlético de Madrid,LaLiga,Rodrigo De Paul,1994-05-24,Milieu central,Argentine,droit,25000000,sous contrat,2026-06-30,2021-07-12,Udinese Calcio
Atlético de Madrid,LaLiga,Marcos Llorente,1995-01-30,Milieu droit,Espagne,droit,25000000,sous contrat,2027-06-30,2019-07-01,Real Madrid
Atlético de Madrid,LaLiga,Samuel Lino,1999-12-23,Ailier gauche,Brésil,droit,22000000,sous contrat,2027-06-30,2022-07-08,Gil Vicente FC
Atlético de Madrid,LaLiga,Jan Oblak,1993-01-07,Gardien de but,Slovénie,droit,20000000,sous contrat,2028-06-30,2014-07-16,SL Benfica
Atlético de Madrid,LaLiga,José María Giménez,1995-01-20,Défenseur central,Uruguay,droit,20000000,sous contrat,2028-06-30,2013-04-25,Danubio FC
Atlético de Madrid,LaLiga,Nahuel Molina,1998-04-06,Arrière droit,Argentine,droit,20000000,sous contrat,2027-06-30,2022-07-28,Udinese Calcio
Atlético de Madrid,LaLiga,Antoine Griezmann,1991-03-21,Avant-centre,France,gauche,18000000,sous contrat,2027-06-30,2023-07-01,FC Barcelone
Atlético de Madrid,LaLiga,Matteo Ruggeri,2002-07-11,Milieu gauche,Italie,gauche,16000000,sous contrat,2030-06-30,2025-07-01,Atalanta BC
Atlético de Madrid,LaLiga,Ángel Correa,1995-03-09,Ailier droit,Argentine,droit,10000000,sous contrat,2026-06-30,2015-01-01,CA San Lorenzo de Almagro
Atlético de Madrid,LaLiga,Koke,1992-01-08,Milieu central,Espagne,droit,8000000,sous contrat,2026-06-30,2011-01-01,Atlético Madrileño
Atlético de Madrid,LaLiga,Clément Lenglet,1995-06-17,Défenseur central,France,gauche,7500000,sous contrat,2028-06-30,2025-06-09,FC Barcelone
Atlético de Madrid,LaLiga,Thomas Lemar,1995-11-12,Milieu offensif,France,gauche,5000000,sous contrat,2027-06-30,2018-07-01,AS Monaco
Atlético de Madrid,LaLiga,Javi Galán,1994-11-19,Arrière gauche,Espagne,gauche,4000000,sous contrat,2026-06-30,2023-07-03,Celta Vigo
Atlético de Madrid,LaLiga,Juan Musso,1994-05-06,Gardien de but,Argentine,droit,3500000,sous contrat,2028-06-30,2025-06-10,Atalanta BC
Atlético de Madrid,LaLiga,Saúl Ñíguez,1994-11-21,Milieu central,Espagne,gauche,3000000,sous contrat,2026-06-30,2013-07-01,Atlético Madrileño
Atlético de Madrid,LaLiga,Carlos Martín,2002-04-22,Ailier gauche,Espagne,droit,2800000,sous contrat,2029-06-30,2023-07-01,Deportivo Alavés
Atlético de Madrid,LaLiga,Horațiu Moldovan,1998-01-20,Gardien de but,Roumanie,droit,2200000,sous contrat,2027-06-30,2024-01-24,US Sassuolo
